title,published_date,source,url,date_only
"aliansi muda aceh singkil, desak dpr gunakan hak angket - rri.co.id",2026-03-08 14:41:15,RRI.co.id,https://news.google.com/rss/articles/CBMiqAFBVV95cUxOYUZTRHgwTDdGTEppbERpemNSZEtyYUg0T0ZTM01jY3FaTWRNWVlzUVRoVHpBenQ3dDRTWHdvREdjLXBKSVU4T1FSSGRDR0o0aVh1N1A5WVp0eko0QUVoZHdPZGhJLVYzVFFkYjFCQS0tMkhMMXJPblJ2TnVVR2JEVUlFSzNFRWFBQU10SWJpTlAyZGlId0hkRUQxQUg0ckxwd1MzLVh2TWM?oc=5&hl=en-ID&gl=ID&ceid=ID:en,2026-03-08
ampas dorong dprk aceh singkil gunakan hak angket ke bupati - serambinews.com,2026-03-09 06:28:31,Serambinews.com,https://news.google.com/rss/articles/CBMipwFBVV95cUxPTnQ2U1haSnNoSVhkQ0JLYjZBU2tMbzVkcGg1ZVd6ejNMSlJ0cmxKNEF6MkVCem9SbjE2bUNmNTM4Y0dHMk5IRHNGNnN0TlVfSWdvOGMxM2hZcWJ3aml2d1U0UmZjZlNNZXE0UEl3cnV6ZmtQNnRJYXgtcGNOb1dTY1BBZEF6VnZuc2I2UXV5Y1pKZExLYlRTLVJnS2RJT1JRSVB0SVNKOA?oc=5&hl=en-ID&gl=ID&ceid=ID:en,2026-03-09
"(catatan berita) : tinjau pasar murah mamuju, gubernur sulbar turunkan harga beras dan telur hingga 30 persen - bpk perwakilan provinsi sulawesi barat",2026-03-10 14:54:18,BPK Perwakilan Provinsi SULAWESI BARAT,https://news.google.com/rss/articles/CBMiygFBVV95cUxQVmxSWGJweDhzY3B0cHFDN2hLend3RVphQmhPT0plWWlScHJ2RWg0MkFNU3dPSm40OHhYNXU4R3lQa0tnNlZkX3NtVGhWZlNLUkx5TWtZWDRXTHFaYzUzUXlYS0J2b2pSenlWSV9HUUJmMHI0LWNIRk93aTByd3BCc0l6bENrcHdUMjR3WFNyM1U2SGVrWjhOYlZxLXlhMmJhR1paUlhqSE5TVWpGMGdhTXI0Z1RGWnBnRTRWaDBocmtMMEtDZHliZkl3?oc=5&hl=en-ID&gl=ID&ceid=ID:en,2026-03-10
2 terdakwa kekerasan terhadap jurnalis pati dituntut 4 bulan penjara - detikcom,2026-03-11 09:17:41,detikcom,https://news.google.com/rss/articles/CBMixAFBVV95cUxQWldPX0lTUXZXeEdiZUFkdUtSNlVIU2lLT3ZkYVNVcGE4SlFpV2tRNGJHYUtLM1FaYUIyUWdES0o1Skk0bHo0REtsRGdnWkZ0a2tONzB1SWhCOEJUU0lNTkFmXy1PYmlTdmthSnRXSmx5RlRTb3hwekg4UllNVkJGRmZxTmx4enFqTFRITlVlaUlGX2pGWmFFbDNfSUdTOE5FR1BWTWRmNGFOWWdtUDhYRWc0X2pMc1lUcEZhM215SHVlY0hL0gHKAUFVX3lxTFBFRVdfN3dQbVQ0eE1NdnVGWUtFaTJVZkJUMGJfN0JMWE9YR1JWLXdBNGs5Ti1IV2k3amFXcHd4NkpvcXZNajJmTjJpVE1YQWs1Q3VnbzFPVFR0Ty1RTVMxSEVKdEZScnFfT3BDTXBMd0VTT2pIQWtfTzZJMFVZTlUyY2F4QXhYNGMwckxCR053cFQ0bGtHbTV4X0ZVallhcWNXdnhVVFVlTFg4b0RDWS1rMzI3OE5KUkNkT1dWSldzSFRDQllYRlB1U0E?oc=5&hl=en-ID&gl=ID&ceid=ID:en,2026-03-11
"bantu stabilkan harga beras, polsek batang tarang gelar penjualan sphp untuk warga - humas polri",2026-03-13 05:50:00,Humas Polri,https://news.google.com/rss/articles/CBMixgFBVV95cUxONENnTGVRTWJqS3dQdTR1ZVRHTTNlMlhSV1lEdTNQbFl2RHI0TWtLbnhlWFViazZwNzRwZWNDQ0lJOVlqdXJRVjN0ZFoxWXEwS21GZVNSTEdjcTNRbmJ2RmRZSmJ5VUYtajFXMjlCLUlYZG9pN3ZNalA2d0hZRHM3YUdoYnBsTG9ldWpCSTdZWl9FcFVob0JJTFVYemhoWEF6NUlDN2lacGhraVhNckFETUk4NnYwMWxBZnp1dkVKTlR1ay1TSHc?oc=5&hl=en-ID&gl=ID&ceid=ID:en,2026-03-13
sidang paripurna hak angket dprd pati: fraksi pdip beri keputusan keras! - jawa pos,2026-03-13 07:00:00,Jawa Pos,https://news.google.com/rss/articles/CBMitwFBVV95cUxOVVdBbTBPbC1TX3p5MG0yWXlhdW9ZU01VdXJSUHd1V3ZnaGthVkhQS3FWRDNtRzVPVXNydUg3MzA5QkpXSk1PQThrVnlsSFllMUtZdHRUdnJwbm1DaGZPZ09NaENCX0p3M2QwZVhxaWRpM2VXVF9oSnZQcVh0d0RvLTRUeFBRTURBQnRRRlhTQ0ZvVFY4NUJDM0tURHVya0hfMkFMTVdkZ09tWE16TnlUbi1fMXAwR0HSAbwBQVVfeXFMTmg0bnVGUERQNTJDNXR2X09UYzdJYjcybUtHbkllVG5QbEE0dFh3Ym9HNTVaY3hkQW1pMnBwcWNVZ3JySmJlUmVjZUFzWnhTdktnejV2YzNJT3V6X21mMU0ySm5DQVZBS3g1TjJEWlNjTkpfZFdEeFB4bVhYWGpBd1pDNHU4X2lTSXhpVHBLTkVXN0JUdDdBVEJnYWQ5eU9RbUUtMy10WU9tdlFqVmxpUDFxQ1M1SDJpM2QzWEg?oc=5&hl=en-ID&gl=ID&ceid=ID:en,2026-03-13
"harga beras pada 13 maret: beras om 18 tetap stabil di 6.100 vnd/kg, perdagangan domestik lesu. - vietnam.vn",2026-03-13 07:00:00,Vietnam.vn,https://news.google.com/rss/articles/CBMirAFBVV95cUxPS1BmajI3WnduU1NiZVc1LUEtU0dOME9kQ0FpQk1CZENuSnJPYVdIUnpNR3JZUW8tVUpOeWZnODhjZHR3bjE3VmQyS3N0TDZ1UmoyXzVEZndRY3ltRU45QlBHLUhJVldPR0pCWjNqVVYxaVlRSUN2d1Q5VFVSYzZTYjRlbDJTbEF6THlZa1h6REdsQTlkWGxvbGZDdmNray0ydVVZUk92TWRJWFVo?oc=5&hl=en-ID&gl=ID&ceid=ID:en,2026-03-13
harga pangan hari ini (13/3) di sumatera selatan: harga beras dan cabai rawit naik - databoks,2026-03-13 10:17:00,Databoks,https://news.google.com/rss/articles/CBMi5AFBVV95cUxQVHU5b0dfa3d5eFgzTmhIbjkzbXNtSE12RURSM25SOHVXRUE0Zml4TjlGb1A4WW55M2xMLWowSWE5akt1TzB0Mk0wVjJtejc5SEI5LWFKd3ZuSUUwS0NvUVBVSDFDbHB2cldvTGVDY0RmZ3pWV182U2hxa1haX2ZwYWFfTEJ3dmUzNzhXZkFiVjByalJDOENxWjFhc2NWNEFsdnE4emk0VjVPT3pwWmZxZjl1b2lsS2ZSZ3EyeHJJaU1hSjluV3ZpdDJYaDhpdVhndTdLdnNNMnc4RGdnb0o0a3VOeFA?oc=5&hl=en-ID&gl=ID&ceid=ID:en,2026-03-13
"sebelum disiram air keras, aktivis kontras andrie yunus ditengarai sudah dikuntit - kompas.id",2026-03-13 12:01:00,Kompas.id,https://news.google.com/rss/articles/CBMirwFBVV95cUxQdGx6cWlfMUpVY3pSaGl3X2ZXM0RaMFFvMlpIQnJ5UmJtQ3ozd3Q5emZYS1p4U1Jwb1MxWVQyRFNCYWxvUUNDa3NCVElIR041eGdmdXZnMkZYQXBKZmVvNTU0anRCMjlNM25oZjRvSUxpZUhEN0ltYlVEeE8tOG9pYnN3TWVKRjYxcDNlWHRtQ3REQ1pyb3FrZG5MdjRLS091ZFdkZVB0Yl9yVUhSUXJR?oc=5&hl=en-ID&gl=ID&ceid=ID:en,2026-03-13
"aktivis kontras disiram air keras, sahroni: aksi teror tak baik bagi demokrasi - detiknews",2026-03-13 21:19:07,detikNews,https://news.google.com/rss/articles/CBMitwFBVV95cUxPOS1FOThGRnZrVGtOOTRjOEU0Y0RaMkdkU1pnWDFydUhaVjZ6Y2dZWV95RkpXRkxVUDBTVThDenBRRGhTMUN2RVBuQTJscEpDMmFkYWg1akFTQk1ZZlIyNWRIaGxxVU9MTjdBLXJ5YmxoNGN3VnQ3bjBudlV1cDZDelFVc0hXZlFZUENPVGYxWTl0M0FfVVJ3T0puLS14R24xM0oxdm4wR210bER0ekI0VExIQWRqdjjSAbwBQVVfeXFMTmFnMzctTDBmbkR6MHF5bG9wWld3T2V1NURveG42Tk4yS2daUFVJeGRSQUc2ZUxJZ2tTYnRmdmFxWEwySmU4eV9uNTlfd0FMTkNrUkFWY1ZZR0t5ZmxwaHFKcmpEZDlQNnJ1M0M3a0g5ckdUN1lUdjNyZzB1MDlHWFdVNnVDQlNSal95STVlaEViRWNjNHFHbl9LNHBzVDdHVlNaQnVFN0lZa3NBR3c2V24yLXZheFBQajhCZUM?oc=5&hl=en-ID&gl=ID&ceid=ID:en,2026-03-13
desakan hak angket dprd babel muncul usai wagub hellyana keluhkan fasilitas kedinasan - japos.co,2026-03-13 22:34:40,Japos.co,https://news.google.com/rss/articles/CBMiugFBVV95cUxNQnVjU0RON0hObjZMdk1haWktdmo1SHl2eHBXTjh1ZDgwSHFmZVByc2dyR0xOeUpWelUzaDBrUllqVHRkMFAxc0VmeXU3eFlWeTU0djdhOXZ4NGJqTVJtcF9lZHd1RENuMXBKWUFock85ak4xdDRjWnROeWtTejhRdlRsN3MxMk5TbXY1Z1RCd1R6LW1TaDVoaklDU0hxNEZuNVp2SFViX2FXc3A3NW1FMWlsT3E1dTgwU2c?oc=5&hl=en-ID&gl=ID&ceid=ID:en,2026-03-13
harga beras belum membaik. - vietnam.vn,2026-03-14 01:22:06,Vietnam.vn,https://news.google.com/rss/articles/CBMiZkFVX3lxTE5OMTJvckhVR1F3T19fOTlJUTZWMUx4dXlVYnNLbWNvdkxvY2tRa2hpTDJid1BCZkQzNjlWdE9oVHZ5dlhVZ2ZIdzdkWFI2RENtRmdsYjVoeE5uMEhRM090bnlFbUtzdw?oc=5&hl=en-ID&gl=ID&ceid=ID:en,2026-03-14
"aktivis kontras andrie yunus disiram air keras di salemba, polisi selidiki pelaku - universitas sains dan teknologi komputer",2026-03-14 01:40:10,Universitas Sains dan Teknologi Komputer,https://news.google.com/rss/articles/CBMirAFBVV95cUxPelcydE50WlBmSUxIYWpFZmpNTmNTbjhpUEdPQ2NrRFJaVDRwZGxnVUpqbUlHbm5tY1lSeGZ2NzB5MjM2cU5FeGgxYkVsVmRsNFNOZklBQkFld2NxVnU0LS0wdHpZRXJPaEdzQXpQNGZWTkYxWERQajNfSmVCTGJRa2NxRjhnODF5T2ktNVl3MFI3VWY4SnZYUVNycXlyVFFkS1dRT2ptRGxUNE5u?oc=5&hl=en-ID&gl=ID&ceid=ID:en,2026-03-14
kontras ungkap kondisi andrie yunus usai disiram air keras - tempo.co,2026-03-14 06:21:16,Tempo.co,https://news.google.com/rss/articles/CBMimwFBVV95cUxQOV9hWHF4OTV5dFcwLVlPcVhuX1pmVHF0bENnRHVZdktUN2xyRW5XSm56MFQ1Uk05VXVNdExKWWJYQzlLV2ViV281bzQwRGRDRmVqV3NIMnNlTjZ0RFVQQmlydnhJcnZ6WnZRZGZtNlBwVm9IYVMyU1VtYkttN1c5cEdtS1FNVUpNVkNaQ1FTdGJSUHpFeXY0dVhacw?oc=5&hl=en-ID&gl=ID&ceid=ID:en,2026-03-14
"polres bangkep pantau harga pangan di banggai laut, pastikan stok beras aman - polri",2026-03-14 07:00:00,Polri,https://news.google.com/rss/articles/CBMixwFBVV95cUxQbDViOHpPSHF2bTBnbVB6WlR0V25HT25DSk9icTdQdHFiWU5tdldjVWpING5lVy1ScmdObzk1Ry01aXBDOWw5anBBOEVuMGtmVGs2ZUNJaHZ5VGMxZnc3ZkJVcF9KQlBBNE50bE5obmJDWmI5YldJTGplWDhKVmg2MUtOT1B5a1JOQkxpbmVtTGlzbHdUNmtjaEtUYU9qcjR2Z184ZUdUVWNEVnZSVmVmVVUtQWdfZ3VydUJGMzRxaVR3OEk0cXE0?oc=5&hl=en-ID&gl=ID&ceid=ID:en,2026-03-14
"disiram air keras, aktivis kontras andrie yunus alami luka bakar 24% - detiknews",2026-03-14 20:00:29,detikNews,https://news.google.com/rss/articles/CBMiqgFBVV95cUxObEliNjVvS0I5MVZ6ZWNtaVkyQVU5c1htTDN5OWN3Mm5ZOGl4RjM2TmRqMnNRTXFOTlNXRHgxQ1hBQ1RkOExHbGw5Z193X1lhYldqT0ROaUhRQWFoRXgzcFYwNGFXZ3UtMnlQTGtmT1RJQUdrMDRzUlBMSkltNDlxc0JjZzVIbERteGM2cjJGeGcxTUlNeXVtX2RWb3JEaGNraVRsMWVRWWVaQdIBrwFBVV95cUxQeTRFazBjSVk3VlBzMEx4QXVBdms1d05BamZnbkpBRzVBeTZyWDhNYzNZbzhPQUZFeF9TYmVwSEdXRTBJQjVTMjBvUE40bnl5VGs0U0VINE1RWm5OUzFXeVZkRDB1cGxuNlI0SUNlV2hBM0s1X0c5d2xLalJrV0lVNV9mbVAtR0cxQVhBUDJFdHNzNU55YzJKU3lGbU5JSTNmOXhndzFHMHk5aUtoZUlz?oc=5&hl=en-ID&gl=ID&ceid=ID:en,2026-03-14
harga telur ayam di ttu mengalami lonjakan semantara harga beras stabil - rri.co.id,2026-03-14 21:29:00,RRI.co.id,https://news.google.com/rss/articles/CBMitwFBVV95cUxOcC1FNVA1N2dCb1RWaERlSHhmU2o1YWFzYUlBdU44UEVKVllXdGREc3V3ZDZFNUtIZklCUTlNcWU3eXdUSzdjaWU3N1FkbnZWV3JuLUR0Q09lWmRXSTZfMDdzcGVlZDI1YlhoN0dmN3BtMGF1b0Ztb3RoM0tnY2UtQXBnM3AyUkpaN01Mc3VINklwNTYyWDRUalMxTWRFWkkwc2d5NHdlZU01VkdVSm9TRzFUVTZMNm8?oc=5&hl=en-ID&gl=ID&ceid=ID:en,2026-03-14
fakta-fakta penyiraman air keras terhadap andrie yunus - tempo.co,2026-03-14 23:35:09,Tempo.co,https://news.google.com/rss/articles/CBMilgFBVV95cUxOVE1HQTNRdFRMRXM0WG1rNExKZzNmNjFERDNBVnZZaHUwZ21SRjFpVUprS3k3YjcwVXhxcVd3UE9RSTFJWFR2RUhXeTl0ZmhvLW5QdTZ6YjBReEdlaUdmOTVsTVd0RktsWExST2ZoVERUajR6THRHZS1yYWJtVlZQSWc4WWVPcko1TDhIc3QwdFN2VWZMT2c?oc=5&hl=en-ID&gl=ID&ceid=ID:en,2026-03-14
kejahatan: aktivis kontras andrie yunus diserang dengan air keras - bbc,2026-03-14 23:48:46,BBC,https://news.google.com/rss/articles/CBMiYEFVX3lxTE9iRTZHOVR3UVhiVWN1ZjFmSUlIazlCaXNBWEVSVjlRaHd1VFQ5cFFTYlM1bXE5Yl9tMVNOdTd6LUo2YmpNZTZ3UndfSXZWa0d0OXJSVzJaWUNlWEQ4Zm11NdIBZkFVX3lxTE8xNXZ1Qk5UdU5JMFdGNzNsYTlMVTBrQW5YWmk2NnpxT09DVHJKcU5WeE9idUFJX3dOcU40UkowYnRFdlcyNG1LNjJhdi1fZWwwUmh5SnNQdTNsOW1DUmxqQlBYaGNDQQ?oc=5&hl=en-ID&gl=ID&ceid=ID:en,2026-03-14
"harga beras hari ini, 13 maret: beras om 18 tetap di harga 6.100 vnd/kg, pasar beras relatif tenang. - vietnam.vn",2026-03-15 05:42:38,Vietnam.vn,https://news.google.com/rss/articles/CBMiqwFBVV95cUxNdWFZcFQzeTU4M09TWkpLZmZBZWlHdFlDU0t2WGdKS2M2U01WMlBKYURPdUxOckFXbk5lM2RWV1BYZmhoX0dqYUtZUEM4S1lSME5nQ09uS1l4SUZXRjk1Y1ZKdUVTVVVSSGx0Y0doVENBWnU0TE1ZY0plNFdKMUtNVlZtcGZoSVV1NEJaM1hUc1NjZHhMVEw4UW1jeGYtNHdqRm9XOU90QWtrdTA?oc=5&hl=en-ID&gl=ID&ceid=ID:en,2026-03-15
harga beras di asia turun karena melemahnya permintaan. - vietnam.vn,2026-03-15 07:44:34,Vietnam.vn,https://news.google.com/rss/articles/CBMid0FVX3lxTE9WXzRjZ2E4d0JIR1FoYndGczBreWthQTZHaVREc2NlMEZkMWNTcEhaNDQxZWpYZENuLVV5SGRqbmd0aVBia0dpckNDUlMyWjdYTlBoanlEMW9QdUdSOG1tc2dpV1hJUGdZdEVsWkZNQ3NPWGxuNWhN?oc=5&hl=en-ID&gl=ID&ceid=ID:en,2026-03-15
"jelang lebaran, porles temanggung sidak pasar: harga dan stok beras aman, warga diminta tak panik - radar magelang - radar magelang",2026-03-15 11:11:57,Radar Magelang,https://news.google.com/rss/articles/CBMi4wFBVV95cUxQNG1HelA1SzEzZWRYVV9FXzJNU0FabElrOVZNci1BSVJzQndwelpOaUg1UmpXNndYT0ZjcVpYYW90V2RPTmtvUTBkblIzX1BjdUNUX2Y0S3A3R2xXYlR6TDJZOGZwUkdockxRd0NKZS1HLWxpOUc1dDFJS0dSdDVXbVFjVFVEbi1sR1VrTmloNXk4Y2k0TDZUc01rVzFPcmgwTGhzQ3VEQ3ZLTlBDV1Zud1V6dnVLdHAzU1lnLXdIZXY5UHloTmVhMENxV1M0cXJ1S0dETjhkTG5UUkNROFVOM0p3RdIB6AFBVV95cUxObHAtYkMtUGZjdGM1czJmREhsY1FtaTE2am9sRXUza01LT1pRckVENHg2N2dTRkl4SWJPamxjd0RRMVBOTVFMQXB0bFRrcGFHM29VQUZjUUozQjRXV2l3bUpKWkVhVGE0blMwTFl5d1VBNDZUZGxhcl95TjY4bmRLeXNWd2dPYm5fUHlUay04WlpnMGlvWmtVdGR2dm5tSlNzZGt3cm9VZmhkeE1uVmNIWFlQZzY5ZGxKTDBKdlQxV0RLdFE0RnBYV2FNWThnSWlnazJaZWYyY0g3QzN3TDZ4ak1ib0JldG5N?oc=5&hl=en-ID&gl=ID&ceid=ID:en,2026-03-15
meningkatnya pasokan memberikan tekanan pada harga kopi dan beras. - vietnam.vn,2026-03-15 11:21:11,Vietnam.vn,https://news.google.com/rss/articles/CBMiiAFBVV95cUxPQ09jSkY5TFYtMUFDZFRyOXp4YldNRVo1elpUSktUWVZQSzNTQm8zVEljQm1FaDM5WThyNEdhTXM0elA4QkFHUGRzcWVweFRJLTctM1lRMGRXSFJHckZfTjM3cUhxbi0wa3ZjSmtWeFJCMDJrMEpfMHlySzBoM0Q5elZpNEtncXFa?oc=5&hl=en-ID&gl=ID&ceid=ID:en,2026-03-15
[full] kronologi aktivis kontras andrie yunus disiram air keras oleh otk - kompas.tv,2026-03-15 14:52:00,Kompas.tv,https://news.google.com/rss/articles/CBMirAFBVV95cUxNN1NSVl9fblBKbm9QblZYTUYyMzYyRHhkcGR6U1k1V21xcDh6MzUyWlBNY0RIdThJd2Z2aEE2UFZMVFhKcmVKWjVJVkIwQ0ljdFJKdE9KUFpIWVZPVDFQeGJEbmlMTmdXVTVSODNzSkU5dWhWVmlseGtWSUlBY1lqdzdCLW5aWVBlVU1OT3d1Z3N1VFV5R2xXeE9ISUE5UjRhSFpJWFFFMWwyM3ZW0gGyAUFVX3lxTFBOYUxRaER5QnFtc1F6ZXdJTkhNQTBPellUUXpQWHRNaTJyTm5xemlOYWUwNTVONDJrVTcxSElScnZyU1pmVzNfVFBBb3FndkNWa3F1bVZCT29JUGF0ejlPbFdMWklyX3ZPTUtFREFyT08yWWtra1hqRUJRTEI5SEtVYzQxcm80MkVPX0xQN0t3UF9NSlJiZ212SmE3R2RYTGpCQ2NwUlpWckRNSzQ0Tmx0TEE?oc=5&hl=en-ID&gl=ID&ceid=ID:en,2026-03-15
"harga beras, gula dan minyak di muara wahau kutim naik - seputar fakta",2026-03-15 22:19:00,Seputar Fakta,https://news.google.com/rss/articles/CBMioAFBVV95cUxPNV9hMmtOa1NuS2pqWW5Qckd2Z1M5TUUwdnV6eC1iZGQ0dl9mcmpLTFN5Y1R4X3JEWlFPWFBRb1ZlbWRZOGk5LVFoR3dXNmZSUjFxRWJlSy1oS2Q4ZG9mT2t5ZzloUko1cTRITWlVd2o1Tko5c3BXdG42ZEoxN2FIS3ZPM1lNamhJUlgzNF9HUmNpMmttV2NlZlpXUGZSY1ZJ?oc=5&hl=en-ID&gl=ID&ceid=ID:en,2026-03-15
menanti janji pemerintah tuntaskan kasus penyiraman air keras andrie yunus - hukumonline,2026-03-15 23:20:05,Hukumonline,https://news.google.com/rss/articles/CBMixwFBVV95cUxPSW01ckVFN25XcUJUblZhXzB4NTRMdmdVa3ltci1JN0RKXzl3dTZnQ0FDM25BUkhHQTVWLUFtcUxTSTlPWHN6T09PSXptMWN4NzlSXzE0RWcxSGpwczJsWV9pcTVvbXhSdXRaY0dSd3BoZHlROTVZZlJqUjdSY1FhcmFHblpEYlRFZVpzU0NxcmRYc0NHdkRMa1ZfblhTZ3l6bGlBekl2bFE4dTIxczROVExpRWZuRWhvaDJvU29fUkx6QURGNUg0?oc=5&hl=en-ID&gl=ID&ceid=ID:en,2026-03-15
polres temanggung antisipasi penimbunan beras jelang lebaran 2026 - antara news jateng,2026-03-16 00:34:14,ANTARA News Jateng,https://news.google.com/rss/articles/CBMirgFBVV95cUxPMU11enJibDA5cHFnQXctcC1BMEV4Q2FGY3p3czhXQTgzMS1MS2RTaFpHaW5OdUwybUVGa1JMbDdiN19FTC13d0poN0pFSXliYlA3MU8xMXZvOXhqT2hBV3p6RUJMaTdnMzF6SjJHRmhPbE1RS0s2WDQ4N25UMndfbnN4UHk4aFBhUThiUHY0aUZDWG5ONmxDLVRUeGdlMVFpd0V0VnlSNFVRYmd5TXc?oc=5&hl=en-ID&gl=ID&ceid=ID:en,2026-03-16
"h-4 lebaran, tekanan harga pangan di pasar cirebon mulai terasa - bisnis.com",2026-03-16 01:56:34,Bisnis.com,https://news.google.com/rss/articles/CBMitgFBVV95cUxPVW1kSzJpRU5uZ0N0Q1BHcjZFWW03ZXY1RnFXWXhzbWE1clpfbkI2Vk5XYnRXZDc3dU5naDVxdzZZQi03ZnR1RWxhTU1VeUxzQkVFb3h3ZTdQdVpIeVBIcFpqVzBUT19kV1ZxdVp1X1R2UmpGXzl0MVRXTzJibC1lYjV4cEx1bk9MQlZoaGRhTjRURmM5TzNaVllvVGxMYUFBRGpYT3JSOHN5UVVVSUNHSWJGQUJmQQ?oc=5&hl=en-ID&gl=ID&ceid=ID:en,2026-03-16
"soroti dampak media sosial, dprd pati ingatkan pemkab bijak ambil kebijakan - lingkarjateng.id",2026-03-16 02:50:04,Lingkarjateng.id,https://news.google.com/rss/articles/CBMiogFBVV95cUxPUXFwdlJxbTYyRXk4cVBLWl9kYm4wWnp0WVBkOGRYRUw2RUNPendYdlVpcnFjQ2xzOVVWMzV6WnpydGZRLW8yYmhQaGVQMUpLMlB2OEFSaWZyaUtLQ3ZOczhrRjRheGZZcEplSzJMblR2M0RyamEtYkkxRm12SnZDNVE1clJYdHRRU1A0VlVHTTBnb085dlhUTWY2bU5pZkJJRnc?oc=5&hl=en-ID&gl=ID&ceid=ID:en,2026-03-16
"bulog nabire banjiri gerakan pangan murah dengan beras sphp, minyak goreng dan gula murah - nabire.net",2026-03-16 02:57:00,Nabire.Net,https://news.google.com/rss/articles/CBMisgFBVV95cUxOUG1KcjlZYkFPWGFzeTZ2WXl3SWdFSHJ4ckdfV3NUci1QSWNNOFlCWWZmQnZTRFFjc1JJTHRwMkdfMXVLQW0yZU0ydHVVeGdKY1JQYVExUXh0VjZkS3ZZUTN4WlVPYXhlLTU0bHl5X2pjdDJ2ZS1ndGJhY1VXVUhDSlkyX0VIUjNEYVExWEFYS2VLYTFHZ243VVFuT2k3UW15LWtXMjhfZjJjSWE1c2NGWEFn?oc=5&hl=en-ID&gl=ID&ceid=ID:en,2026-03-16
"sat reskrim polres bangkep pantau harga pangan di pasar salakan, pastikan stok aman. - polri",2026-03-16 03:36:16,Polri,https://news.google.com/rss/articles/CBMi0wFBVV95cUxPN2p2SGZuTGRUX05TWW1YbDZidlNENndITlVXSXQ5LXRtOWIzWmVnb1cxV2lzZHZCMEV3WGQ3cEJNX1MwMVFtOVFFSUdZY3hhenJaN2hvYl90bUhjZThvRmZmbnNVMVFJV1FudjU0Q0d6RDJWOEdQUGdSTjZaSDBDbVRwbDZEZXB0aDVPdkw1RnVmT3J6THJEei1oTzMzcmNRemo0N0RYWG03bk1zODhwRmg4amtQVnZ2QXozQkoxWWFiUEFTdW84bUVhQlJwb3dSa3A4?oc=5&hl=en-ID&gl=ID&ceid=ID:en,2026-03-16
"kasus serangan andrie yunus, ancaman bagi pembela ham dan lingkungan - mongabay.co.id",2026-03-16 04:57:15,Mongabay.co.id,https://news.google.com/rss/articles/CBMipAFBVV95cUxPTjczeWpVQ29RcXFxUTZWc3VpOXN4ajJDeTk5TGVjYXdTcG5oVktVVGtnZlNKcl9lZlBkR0pfcEVNRHpuc3k1a0psUzMtaDdQSDNLSjVSd0twX2ZoWTRMRFZCdmtPQ1pQc0l2UGVsTWtBelhFRWV2RmxfWHlMX3ZFQWxfMENvNnhtWldMYjRfXzE4Y2wyNGcwcTdGOEgxZndpYWxPaw?oc=5&hl=en-ID&gl=ID&ceid=ID:en,2026-03-16
"penyiraman air keras ke aktivis kontras, depa-ri usul tim pencari fakta dan ungkap dalang pelaku - hukumonline",2026-03-16 05:10:27,Hukumonline,https://news.google.com/rss/articles/CBMi5AFBVV95cUxPd1BrNVFOc2xxTXlWb0Znb0lpWWEwRXEyVUFleXI1UjJwZDNNTDliQVc1SXFpRjlnVGpmQkVmM3JkWjhvdks1ZkZTNlVkUVF2clV1TzEzWlQxcDVuY0FEb0ZmbmJIVm5TTkVBQ3VjYnhLckxSSjJhOXhnQi1pU2N3M2pEOFB3Yzd5UW53dWZoaHpmb1U3bzJrRHZ2WkRVTGJoTTBDTUN1RnpLY3VUMFFJOG84QmVrd2RnM29qY3VBS1AwMFdudWItNzhQRzdGVEhud3FvTlE1Z3Z2T3lJdHZnbmxYOHo?oc=5&hl=en-ID&gl=ID&ceid=ID:en,2026-03-16
"harga beras hari ini, 16 maret 2026: harga beras asia berada di bawah tekanan penurunan. - vietnam.vn",2026-03-16 05:15:43,Vietnam.vn,https://news.google.com/rss/articles/CBMilwFBVV95cUxNeE5kU0t4QWZxdEhqU1V6bUNCdjZfRDlKRl83dEtTS0pvaXZzUGNtMEZrWkxjSmRHQnRvWnV5VXB0U19nYUNlR3JvV2ZUSXB6VXFoNTkxaTg4OFJRbkFQZ1RqM0pNVlVZNlQwSXpIWTlTbjdIdktKWFRuZWhVM0RRemJSbFVpSEFWM1Y5Y0JkMDBEVGJGelhR?oc=5&hl=en-ID&gl=ID&ceid=ID:en,2026-03-16
mendag pastikan harga bahan pokok stabil menjelang lebaran - metrotvnews.com,2026-03-16 06:42:06,MetroTVNews.com,https://news.google.com/rss/articles/CBMiogFBVV95cUxPdzBqSFl3RHctcmtSa0tucjY5RVY1d19jQmVmWlNhRTh2b2dGUWpsdTNFMmZiVEtTbjFqMG9iMk9mSGE3LUt6dHJtY0VDQW5UWktURkJUaVVNRENzaXVlV1lpbDhDSTluMVloR2JCSXpSZ3g2VUpxS1RtTDNicEF2VGRwaVIteTRIOHg3c3FSRll4UURYZTl4Snp0RFVKRElOSVE?oc=5&hl=en-ID&gl=ID&ceid=ID:en,2026-03-16
dua terdakwa kekerasan terhadap jurnalis di pati dituntut 4 bulan penjara - jawa pos,2026-03-16 07:00:00,Jawa Pos,https://news.google.com/rss/articles/CBMiuwFBVV95cUxPMlp3R01neUhCWWd4N0NkQXUxZ2JrYVJxNk1RUHNPYXVFb2dieUFTX0R3TEhveXJUWHdJdDczSERYcmhGdEF5TC1MTGVuYXlHVVdzcHpaaXB3M3FHTXphOGZqZU92dnJobkYxZlA5OWpvM1VTdmhFaEpyVV90M3QxTEZJTGNlY2xkSF9BSTc3MEpYcGV3S0hQWGNVb2szcXcycjJkVXk2c29VdWIxczJNR0N6VmtFUHBib3Vn0gHAAUFVX3lxTE0tQ0NmRWlWc2pndzFtWjhnZ0VmemZEcUc0QWZBMU9uZ1ZuczREM3dZNEQxa2ZDN3FUdXUyV0V1VVZIbXVMMlhOY1Nid2NOcm5KaktsUkFrcUhRMndBREd3aEFuak44cUlRS3lSOWpqU2haTUVSX0pnd1EwcWdnZjAwODJyRUU4WUdaMjR5MnBmeU8zd3NETzdaVGtnR25IYUNrUmRpdlJqaThhb2ZQT2tsS0k2anJ1cmRLcGl6bGtlRw?oc=5&hl=en-ID&gl=ID&ceid=ID:en,2026-03-16
bulog jember pastikan stok beras aman jelang lebaran 2026 - asatunews.co.id,2026-03-16 09:05:08,AsatuNews.co.id,https://news.google.com/rss/articles/CBMickFVX3lxTFB5ak8xeUVBQ1l5Zk12cWJmWC01TS1jbVBRdmk3RXFjQmtsZnJSNDk1OVdxM1NkaVdKNUNiNnl5a3JyQkRxTnFaNjZZZzk2QU1JRlUxQUtJTlJZbnV2akttVTE2SjhtcDBBTlZnNFI4Ql9hdw?oc=5&hl=en-ID&gl=ID&ceid=ID:en,2026-03-16
"harga pangan jelang lebaran sulit turun, ternyata ini biang keroknya - bisnis.com",2026-03-16 11:08:01,Bisnis.com,https://news.google.com/rss/articles/CBMiuwFBVV95cUxQTEFFVm12V3piTm8wTHBCV3FTUGhsZUlxRDhIU1UzREg2YUR4MWhCcEdOblBrU003aFBZSk9GRDVid1NjZjhRRmpFZzlOZDhrYk1SX1FOTkJ0OVlVZjhKbWlRRjdpWFEzUm1ydG9KNHFqMkJacUg0OXJya2M4MFhzS01iQnlCNFhud0hIVGZsbW5Pd2ZlNXNLLVJac0J6dk1Gd25XVUpDUnJGNWlpRmNYSVpfUWo4anpYVU1Z?oc=5&hl=en-ID&gl=ID&ceid=ID:en,2026-03-16
"harga beras 16 maret 2026, kualitas bawah hingga super naik tipis - marketeers",2026-03-16 11:33:55,Marketeers,https://news.google.com/rss/articles/CBMilwFBVV95cUxQZXFoRkJQdVd4ZkRGc3VORXVCU3JxUUkzb05rcGFoMS04eUVibk8yTVVldlhwQlQ5Vlo4WE5TRFdTd2xaTHdldi1rNDFMdDlsZmk1VUpNN3JtZEhkSGxfbEJla2Q2elhkRjFXeThkaFdQZE56NDIzd3RUbWRtTmdRZkJUbngxV3Rlbm95SlB5YU9zLXA4bXZj?oc=5&hl=en-ID&gl=ID&ceid=ID:en,2026-03-16
"kejahatan: pelaku penyiraman air keras terhadap aktivis kontras andrie yunus 'berjumlah empat orang', kata polisi - bbc",2026-03-16 11:34:23,BBC,https://news.google.com/rss/articles/CBMiYEFVX3lxTE9VSU1BTHJUbmhVS1BIODdOdTNCVTZLS3lYTk5xYkJ4SUl4UF9pRWxuT0RiaXFGdWd3ajBSTmVFa1VhellSajVjbEtzUEttVnFrREVwUW8wRUVOekxqd1IzS9IBZkFVX3lxTE9BMG5VVXJGQU5DYllwTHFDaHVEZVplalU1cHAyR3dIQkFsblNZSmFKNVpxM0dENllZYTFfSE5QV1NPMTdDREZUZmJ6VDdRNVR0V2JCVHFSSzcya042RmVOc0pGUnI1dw?oc=5&hl=en-ID&gl=ID&ceid=ID:en,2026-03-16
"cegah kelangkaan, pemkab bantul awasi stok beras dan minyak goreng - jpnn.com",2026-03-16 13:30:00,JPNN.com,https://news.google.com/rss/articles/CBMirAFBVV95cUxPYUN1VkM5V0FzUWQxZlFMbkNmQUt4R010YXptbEE3aTdqaVZxa2dUWkdWc1VfZDdULTlJcHVsakZCR1dGclRWa2VJc0tiM1JyYlRvaXB1N3lHc0J2UV8wLU5BbG9PNXgwVldlUzlVV2k0c25va01JQVQ1bVJVVzNBZDRaUzdiWFdXNGc4SThtNDNzX1lBRXlyZHlnaEdSaWdQOUlPV3l4b1g1djEz?oc=5&hl=en-ID&gl=ID&ceid=ID:en,2026-03-16
sphp tetap jadi andalan kendalikan harga - harian mercusuar,2026-03-16 14:44:25,harian mercusuar,https://news.google.com/rss/articles/CBMijwFBVV95cUxQVG5URlRuRGV6OFMta0pEbWZORmRhbzNVNGo3VDY1dFdpcTU5Uk1CanRjUnRUcjRjdjYxa3ZkaXhIRE0ybWNHcEtXdFBkNE1SajVxZ2hhell4UEZOVjg5Qi16WGl5ancyTFpsSzFpczhPTzVwVDVZRlVDd2JwaGoyb2RsVmpZRWtoTUZxYWJLbw?oc=5&hl=en-ID&gl=ID&ceid=ID:en,2026-03-16
video kondisi aktivis kontras andrie yunus yang disiram air keras - 20detik,2026-03-16 15:15:22,20detik,https://news.google.com/rss/articles/CBMiuAFBVV95cUxNN3RVdnl1bG9xeGtOeldNdTdwdjdhV0xrejZnYkZOWUJsd241SmRBekhoRGhuUjViUTZ0QmJ3Z2hZM1g3QmNpX3d1OWtHQzVMN0RieWY3OGtScEZaWXFzWDRfeVR3QTB2VEIzVTA2UURCQ0dSWFBHOTY5MkFxZmJkVm5zalRWTTJjckdCY3l0SjdxQlVmTi13aFRkTDFlVVlGZ1haN3dHWXVZOUhkM29USmxrTzNxN1ds?oc=5&hl=en-ID&gl=ID&ceid=ID:en,2026-03-16
satgas pangan polda kepri pastikan harga sembako di batam jelang lebaran masih terkendali - batam pos,2026-03-17 00:00:09,Batam Pos,https://news.google.com/rss/articles/CBMiwgFBVV95cUxOd3VIa3lPZ0NfZEZLVkxJV0h3elA0SVVXQk1pakNHTGpZcTJPRmhMSDB6cXJ4c2RocUMwbUFJTzJzbnFwSnY4SmxtVC1sZVM0RkV5dDA0Q0FRSzgtTURKNUVrRGp1dDNyMmZBb2VDR2FNcFJrSzljSU5USVoxbGNaYmxUM1ZDanhINkhlX0xFS2I0VjJMUTViZlFJRzMxOUQ3TUZrbkNqRlRnS0I0NHpJeTNUeGRVNG42WUtseUQ3Sm1FUQ?oc=5&hl=en-ID&gl=ID&ceid=ID:en,2026-03-17
10 info terkini perkara aktivis kontras disiram air keras - detiknews,2026-03-17 00:38:44,detikNews,https://news.google.com/rss/articles/CBMingFBVV95cUxQVXJFOVltLUFUem9yTFY0X2hvbkU2RlBkQkF3M3pJVDBpUmVlQlk2dUU2ZktOa0FPeGRmSVRYclc1WTZvY2VmM2RfWHZraUFWSU5oTnNlVkJobE5uU1JIa2pkdmd4b0tDWjVEeF8wZ0hOQ3dxaGJSZ21kNnB6UElyTU5waVpVNXdSdzJOSzhMcjVFNTB2UEZMQ2RTU2czZ9IBowFBVV95cUxOYjB3SzZQY09zRGFFQ0VJNTEycWI3aDZPb2ZYSW9oa3hfaWpMVHVjbkhwWGJBalpuTXZXZ05wdzRCR1BGdHVQQ1VTM1ZRb2dlR3NSSHI3WWVMNnY4bzNaZm9ocDlGMUhoclRHemlNdGtxSTVPdU5UbUJSLU9PZzhQZ0RDTHRQbmt3T19PT3Z0UlhwY25UQVNVNmtaTkI5NFhueXJF?oc=5&hl=en-ID&gl=ID&ceid=ID:en,2026-03-17
berikut! perkembangan harga bahan pokok pangan dan barang kebutuhan penting di kota serang - ppid kota serang,2026-03-17 01:00:05,PPID Kota Serang,https://news.google.com/rss/articles/CBMiygFBVV95cUxNc0dpTktZb1RIUW92UjRvMlBLZ3RvbnFuaGZNX1dFaE1HU2YxU1ExbkE5aDRaa2NCbWROWWJVY003N214enBXeEc4U29pLUFSTjBJdkhTWDR2UkhfdjJGX1pKdDRiOU40VjhFa2ZISXQxMjlzSXF3NmZDenNJNGc4elBmZl85N0lNMHRPTTJDQUJHTE5WZmkyeURxYmxuLVBvbEtMSzhPRFpGQ3pSSEVFbktSa1dRNXZDdTlOSnNiMWx5WEh2UUtSTzF3?oc=5&hl=en-ID&gl=ID&ceid=ID:en,2026-03-17
statistik harga produsen beras di penggilingan 2025 - goodstats,2026-03-17 01:33:10,GoodStats,https://news.google.com/rss/articles/CBMilAFBVV95cUxQYkJsbXJjTTU0blVVQzlYbzY0ZDBJRTIzVzRVUG55dnl5QnF1TkxONnV3V1owZTc2SDVsbXFnSDBGRmFwZW8yTzF1b0t2YThyeVlFWmtidUF5VDdfaV9zaGk5eU9Sekk1eFZzcGpOSU9fZWpnd0Zuc0F2dm5hNUZLeGtLZVBFb2VocnZSWUJIaW5FaVhQ?oc=5&hl=en-ID&gl=ID&ceid=ID:en,2026-03-17
"harga produk pertanian pada 17 maret: harga kopi turun, harga lada dan beras tetap stabil. - vietnam.vn",2026-03-17 02:15:29,Vietnam.vn,https://news.google.com/rss/articles/CBMihwFBVV95cUxNdV9aSzAwc3E1RE5TTUxmUTNaTDBpd2xuNy1FMk9wQzZubHFTSUVrUWVKNFQwajRrazBaR1lVYW9RcUlsR1AwR1QwQ2h2aEZ0RFVaTVhKeW1OLWJvVmN6YnAxa1hURHlKci1YUi1fbnRuUmliMVhXMlZ4bW9ZNDNsaEZvcW5EbDQ?oc=5&hl=en-ID&gl=ID&ceid=ID:en,2026-03-17
harga beras dan minyak di pasar matahari relatif stabil - rri.co.id,2026-03-17 02:35:00,RRI.co.id,https://news.google.com/rss/articles/CBMinwFBVV95cUxNN01LdmViTnFxLXJXZUhTVkNQMm5vVEhqX0h1OGNSVXFITHlDa0xIR0xjel92T3BqRjJyam9VVVZudnp4eDIyTXpUNDJzX2FrcmdZTm1KX3FFamMyUDlUcTk4NC1vZzVnU1FncUtSTGQ2OUxQQ1BPUUpvSlk3N0FucXM4UjNXWkJFOWY0Z21JZExaVUZJX3R5MHA3QXp5VGs?oc=5&hl=en-ID&gl=ID&ceid=ID:en,2026-03-17
"harga cabai rawit merah di jatim tembus rp85.950 per kg, ayam ras rp41.550 per kg - suara surabaya",2026-03-17 03:23:07,Suara Surabaya,https://news.google.com/rss/articles/CBMiygFBVV95cUxNOV84T0xxVmw4UVY0cTB5Nl9hZ0t5RVVjNUx5b1c0MkloV1FDMmpPSURweXBfZWhyS2lTc1dXSFdmNklPckJWM0wxclNuRmJIV09nWVdPcFJkNk9sdXZRRDM4Rm5JdktGZUlGZWtaZzN3bm53RzBNVVVFa0EwNTh5aGNYV0ZHOVE4QXhDOW1Ka05QWlBDdHRnTVhTaS05cW9Pc0Zvb3pRLTVLRWVWS1VISjk5MGRhQnBZMTJYNFc5bnY5bmNDbkxKX3d30gHPAUFVX3lxTFBEa0VuamNVMG1PNFg5TXNlZmg0VHc1N1prb0pKQ2p0VTliX1hXYVlRUjkxUU5iaTd0UHRSekFWbk9TLU1CNmFldTljZ0pwdmttazNLLXlqa1hFM0FjOVN5MHctbWxGdDI5SV9ROXB3M19XLTJ2MU9HdjR0c2NpemNyWnhGVTlhN1o1TnhZR24zVDh4eGFXNS1zMXpITGxWNjdrQjVURTdEMjN0ZFdRdFlMc2s3elFYYWduSGRvZzluaHJfZWx4YzRYd2FXaEFSUQ?oc=5&hl=en-ID&gl=ID&ceid=ID:en,2026-03-17
menelusuri jejak pelaku penyiraman air keras andrie yunus - hukumonline,2026-03-17 03:44:02,Hukumonline,https://news.google.com/rss/articles/CBMisAFBVV95cUxOc0EzanJBX2ZHb19WZW5vREtIdTAwSkJGZ181WnFnMDFNWmhOd3h2QXI0ajhyQXhqelRCTGlCRmtHQjFKakcwQThEUlVCcjVVV0QzOUVtVEpOZDhaVXh4aWtYNU5TbjZuTkM2YnFkZ1JyUVJ2WFA5S3FFM09ob0tQVlVjclFQYUVDN1hfWGRpTHY3ZHJiWmlKWmhVc0JpU091RmJXSllWOUFzcnRRVlJrNQ?oc=5&hl=en-ID&gl=ID&ceid=ID:en,2026-03-17
"pastikan stabilitas harga, unit tipidter polres banggai kepulauan sidak pasar salakan - polri",2026-03-17 03:47:14,Polri,https://news.google.com/rss/articles/CBMi0wFBVV95cUxQY20tQmV0RkJBTTV3VUJhcS1QZnI2aTlCOVBYMEREMllyLWxBMHNtd3dIN0dMOUlQZ3QteUQzRG5CV00yTEpscm91eUNYWWJQdjBqaFAyalFKMHVyTGl1b1ZFYUZmMUFXV3VMN0ZJWXRVYkRNZm9vckR3UFIzbUI4R0Z6SlhwNlFKSF81QW11UmlnRjZIbmNlSnNsWHh3ZW9NV0xVX2gxX1hoai1RZG8zRFhjdVYyQXppelg3a05KaXJSWFRpWHNSM0JLbFNiZXI3VGxz?oc=5&hl=en-ID&gl=ID&ceid=ID:en,2026-03-17
"unit reskrim polsek banggai sidak harga pangan, pastikan ketersediaan beras di kelurahan lompio - polri",2026-03-17 03:52:18,Polri,https://news.google.com/rss/articles/CBMi4AFBVV95cUxQUVJYd19CRXRQNHhkektFTzhhdGVsUmdrc05udlNhdU1pMHdGb3owbUlrenc2aG9iOVd0R0xXVU5zOVUzOEkzdFFFOHFZb3BmcjM4ajNZZlNSbV9xck9HYVNPd01nNkZsMDBTUm4zaE51U2Z3dU1kVHNUM3dTYmxSTktyVjZxSlFlTWswbm1qSFNpRTU1TXhFQ1hDYURqVHdiOUxMR0lxMjdtSVJMMUpqRm1OVjY1VFozTDhUNHVqRGxxV3VDLWs3RWd6MHlzLTJYTWtHZnptMTNLd2x6ZmJVbg?oc=5&hl=en-ID&gl=ID&ceid=ID:en,2026-03-17
"jelang lebaran harga cabai rawit tembus rp90 ribu/kg, cek harga pangan terbaru disini! - medcom.id",2026-03-17 03:56:00,Medcom.id,https://news.google.com/rss/articles/CBMiygFBVV95cUxPVkpIRkx1U2o1VzlqNjUyRkQydHRQelN5cEhsQzhvQ2NiM3hzWjRxUVFqVnhSWmwtQjAxX1NrZF84eWpvMUljUkJtNlNZV29rYVB1V3QyQ1E1UE1WenVvNlYxNUdCQlNsLVl0V1Iyejc0WHZMQ2E0VURRN2gwRjVUak1jREZxM3p6VkJtYjdZcXFlbmpqaG1qTVFtZkZMakltaXBWZExOelNLOEtJT2UwQXJvNHpHRkZWS3FFZURtV1RMY21wbzdRRS1B?oc=5&hl=en-ID&gl=ID&ceid=ID:en,2026-03-17
"harga beras hari ini, 17 maret 2026: harga beras ekspor om 5451 turun. - vietnam.vn",2026-03-17 04:22:18,Vietnam.vn,https://news.google.com/rss/articles/CBMikAFBVV95cUxNdDhaWVBvdnFUQWtGcFZtQ2tQLWRUVGdCZ3V4LUJHZkM2QmpudGZQdzZjYVhLQXdWNkVGdnA2SlVKNEw1UEhUb1lfWEd6UzZHckw2aTh4MDY5a2NVa1NOZU5zTnhmcG9wcHlBRnlxanplZGVDS0FkVnBnQnZJYVhaT04wcUw2dUJ4LXNmRFZib0g?oc=5&hl=en-ID&gl=ID&ceid=ID:en,2026-03-17
bukti ngeri andrie yunus disiram air keras: helm melepuh dan baju meleleh - detiknews,2026-03-17 04:27:45,detikNews,https://news.google.com/rss/articles/CBMisgFBVV95cUxOREJXMXVZYnNnRVpQdmhEM0RzUjZsT0JSay1oLVRaZzl3aTMxU2RKODUyRVFjNmZZLVR5aEJhTm9EM2hLbW1JX1F3UkV3Z1lHX1haaDVSRDF3bEVBeWNrZ2FRN0R1bGFFWmhVM1JEWFB3dHlfa1h2WFlHckJCRnUwVEZncS1NbjYxY0JLQWN2T0FEMkREX3RtcFhpaFh6M3JjTVJ2eWhfckJ1Um1EdnZaVXN30gG3AUFVX3lxTE8zOXZSUXh1eS1vVGZEUENlZXZlZjZCbmVSdXk2bldyNTI5TC1kWDhyaDJrMGpXZWFSS2ZHc2hBWUFncXk5WUFia21BVXNvSlVOUW93OE9uX1V2WTNIZGxBNHFIakpUMUtYdkJ1cnZDOWNVbzNCX21XOTlLbVdkeUhhdnZXcTR1UlJnSzl2aHZhTFBmdW11YXdUeUNrc3N0SU9LM0FOTXVjNFpmdUc5MTMyVmxXQzJIaw?oc=5&hl=en-ID&gl=ID&ceid=ID:en,2026-03-17
"disiram air keras, rscm ungkap kondisi andrie yunus - dw.com",2026-03-17 04:41:02,dw.com,https://news.google.com/rss/articles/CBMiiwFBVV95cUxOU1Buc2dNNFVuamtWMWs4SjVPM0Y0OFk5UUxadWQxZ2g5TWpuSDgyZW5yQUxqUUtxSnA4RnJUY1ZvMm5lb2xLeW9IeXVrNWx5NUpWUkVqR0lTS1pqRG14MXNPdUhoMHE5ZWllRmxrUmpjM2tEWkRQT292ZEJENDhfYUpxLXpWOW14ZUdR0gGLAUFVX3lxTE83U0NpVk5jM3pnR1FPQjVOSmNuOXAyUHZDRkdOckFjSjFkakxlV0lvbmVPS1gxYm43cEFQcjZwM0NMcjFocU9KdUd5V3N6WW94YXM3cU9yNFhIMFM1V0tnM3kzSWhVVE16a1lZSHZ2ODdRWkdZdTBqZEROaW5CZVV2M2thNTEwTzl4dFk?oc=5&hl=en-ID&gl=ID&ceid=ID:en,2026-03-17
"pedagang akui lebih nyaman jualan partai di pasar mangkurawang, penjualan beras lokal ikut terdongkrak - niaga.asia",2026-03-17 04:59:22,Niaga.Asia,https://news.google.com/rss/articles/CBMiwwFBVV95cUxQMkxQQTk5V0NDcXhISXN0c1FEQTBMQm04Ql9pTXI0WEpMdXBCNFJBTVlzNExiSkhfV2VGNU1lZExFd1ljU2QwTUZvN0R1V0VxdGpzaFBPRnhUWTVVWk4tWmtwR0h0WFZFYXhJMU04TzBmWnN0TFhxUDVJXzF5NVB0OERVaVBNYnFKNmhqQ3Jva0FIVnRTUmF1OXMycUlGUnJORVBMbE1fVlFfbVpQR3pvUENuT1VPVWRvTUVZaGs1OUFtcWc?oc=5&hl=en-ID&gl=ID&ceid=ID:en,2026-03-17
laporan khusus: pergerakan harga dan laju inflasi pangan pada bulan ramadan 2026 - data indonesia.id,2026-03-17 05:00:00,Data Indonesia.id,https://news.google.com/rss/articles/CBMivgFBVV95cUxOVVRPWGpPeDFrMTZ1OE56QWpRYUdEcEFvdkZoSW81TE1SWDZwa3ZMMHJGbHo4TU50M04wV3lkVWJoWXFtYS1NcW9uSmx3RUFhNzdhY21zSEIyYm82NkVMSjJVeWg0Smw5QlFxVm9qM3lnX3BhekZsWnhyQU5aNlhRVFNEZXFfTThYYjNjUlRZX1laZUlsb2p6VWtHMDNxRTdxRDIzaHprbno2ZTB3TWwxMjZDbC1GSklYMUpoQTdB?oc=5&hl=en-ID&gl=ID&ceid=ID:en,2026-03-17
"harga beras hari ini, 17 maret 2026: secara umum tidak berubah, daya beli tetap lemah. - vietnam.vn",2026-03-17 05:24:25,Vietnam.vn,https://news.google.com/rss/articles/CBMilAFBVV95cUxQNDlaVGFaQVAxZVZhVzFHTnBydGVVNTc3OFNhUVRwWDRyRWh1NXBkYW1GTk9GUjQ0eVZ2bVdCUTBtUG1FQmNqVTVSOE5Ud2tBdHpwalJ6azRSdi1rQkV6SGJ4WXhJZ0RUUFdmR0R4amtjTUpHcTU0Q2g0ZDRMSnlUSUc2OHlmM3ptay1qRHlfUXlrMXhs?oc=5&hl=en-ID&gl=ID&ceid=ID:en,2026-03-17
"simak harga cabai, beras, hingga daging ayam terbaru menjelang lebaran - metrotvnews.com",2026-03-17 05:33:17,MetroTVNews.com,https://news.google.com/rss/articles/CBMirwFBVV95cUxNUTRrWEZ3UGpPS203LUVfRGpwUGN6MWdNNHZCV1BmQm1vVWlKWlBmS3FOODJoa0hVM0doRnJtUkwxb0hVajF5eG43cUJVbVY2NVV3S1d6dDhVVVJtQnJWV0p0b3N2dThLTktHcHl6ZjNRWE9tai1sX1g4OGllOXNMWmZhMkg2a1g4SjBReU11dG81eDFvZlBzeWcyMHc5ZlhBaWtrd29hcl9LUnVNam00?oc=5&hl=en-ID&gl=ID&ceid=ID:en,2026-03-17
"sidak gudang, wawali palu: stok beras hingga minyak aman - radarpalu.jawapos.com - radarpalu.jawapos.com",2026-03-17 06:08:21,Radarpalu.Jawapos.com,https://news.google.com/rss/articles/CBMipgFBVV95cUxNTjhZNGJFQ0R6MU4yZk9Gb0VYT0FiR21uZXV1ZU5aRWdhWDEwdlJDZF9kc29CRm91LXoyM1R5ZExhSkpXa3p1M2tkTzNBaTRtakVTdUc4Mk10bUtHZ2xQQzkyQVVMNVVGVFd5eUVHVGpIYmF2MnloeGVkNDNRQnIzWWtwdUpLT0ItSVRDbFhYbENYNi1iZVJSS3UzazJGUGd4WHNiaWhn0gGrAUFVX3lxTE1wNTN5MjZJMGdybWJuYnd1NlIxNHpqS0NTbFp0eVBrVWl5MnRaVjJkbTV0MHN3YnlwQUlCQVdQWldOWVRlQnNmNzgzX2Y1Q01oVXJOVUlQYV9udU0yNExsd3JYdk1PNzRtUFJGT3FSVkc5X1NUOEdhX2lSZ1pJbmd4dHM4amo4a1FiMkJTbDVZZ1VmQ2JCN0twb0gxdm5YUGVzc2M1NUJMR2E4Yw?oc=5&hl=en-ID&gl=ID&ceid=ID:en,2026-03-17
"daftar harga pangan terbaru: beras, cabai, hingga daging per 17 maret 2026 - info ekonomi",2026-03-17 06:16:50,Info Ekonomi,https://news.google.com/rss/articles/CBMipgFBVV95cUxPa2g2c1Ztc0FXVDVvekNpSWE1aTRUbkVRdkoyWDZ4RFpTQWkwMUVEdG93WVNoeTBlLURCTFRaYk1sXzJ3SzhUN0prRkRwVU12alg2ZVFtM0N0dUJ6aVBpU2tmNDFnTXZiODgwd1dRSmRhTW5sS1JaZzlOSHNuLThQdXNJMWVUeDVDc1hQbGprbVlSVU9jRWsybS1QZWlGb0hlWXhLekl3?oc=5&hl=en-ID&gl=ID&ceid=ID:en,2026-03-17
satgas pangan polda maluku temukan kenaikan harga telur & beras di ambon - malukuterkini.com,2026-03-17 06:24:42,MalukuTerkini.com,https://news.google.com/rss/articles/CBMisgFBVV95cUxNV3gtdExUYll5WmNrZ0FPV3gxeVR2QjBxbkhWYzlEUV9GZXBjcTdfNlRfU1NtYWV3MG5vZVdDMFF1dHBaaWQ2VTlSelRHVXYtd0tfY3VpS0pLQXFKZnZra0RYbU84OXFlNGtzTDlraUNfTnRFOVJmS0wzdW9QdVJILWtuWVdRRXFRd0p4MzNXUkJUZTZKandNcjIxcTZfbEc3QkhyNnlJdzItWC02WDZTWTFB?oc=5&hl=en-ID&gl=ID&ceid=ID:en,2026-03-17
"harga beras, sayur di bali 17 maret 2026 beserta pangan lainnya - idn times bali",2026-03-17 06:47:54,IDN Times Bali,https://news.google.com/rss/articles/CBMitAFBVV95cUxNVFRYRFBWRnZCdjlwZnBlcThlLVhVYTd4NHlaNGpVX0xyYXdmSktzT3NwRWtSSHJLRDJfQjQyeE0tRzVNdzA2RTVxc0x6U1JWakNkVlp3cEZWeVRFaU5xaXhDYnhYczJuZFlSQ3d3VVlSUWJHbU5SSE8xRWtwVFNFLUZKblAtV0ozc2t2SS0wdjVHTXo5bVlGNzZSbjh4U1VKS0QxeTJvQnoxTk5FdEl5YUJacVnSAboBQVVfeXFMTllEbXR0Y0V2Nm9NbWkyS3Jyc3pYXzVBcEN1cjRjc2FSc05SSFV3Q3ZEZjhuS3BZbjNxclRkemtBWGZoVmp6MEpsRUd6Um5SdWlaRmNsS1lRNUlRR2ZFZzdzcXZGV0FxdDlmUFdhWnFDeE5GMnd5Z3llU2tXYmJGelRZX3JQVVplQVMtMTR3V0FWY2VuVUZfbUNvcGJvRTh2cVNwWFQtZ3VJZmpHaXo3TmF0SWRkczFjZzZB?oc=5&hl=en-ID&gl=ID&ceid=ID:en,2026-03-17
"sidak pasar jelang lebaran: wagub dr. reny temukan harga daging naik, namun stok beras di bulog aman - pikiran rakyat sulteng - pikiran rakyat sulteng",2026-03-17 07:37:05,Pikiran Rakyat Sulteng,https://news.google.com/rss/articles/CBMi6wFBVV95cUxOemJUMV9UMVJybHl0SUhvcUZwdWNoSkh3MzJuVW5uOTRQVUd0TFdZZjJzX290Z2xhcWM2TWctMkNRTnE4dmk1eXNZN3NSREszdXl3cUdlRTFQYl9xSWYwb2tfS2lNSHZRekRZRDJvN1dIX1lOcFFZdUJlSC1VN2hhMjc4b2R6T3dvWUVJb3FSallFbWk3NHFzU29HV2U4SWFPcXNxbU5pRUc5ZW5LcC05VVFBTU1GVWpTTGpFQ3V0QjA4Q1p5U3BPZkZtX2l6cjh3WGVkbk0wTWlGQUhHY3JRV3NJVkFWdHd4RnVB0gHwAUFVX3lxTFB4cEpIc3VYX1UzSGJlcDBySmk1QTVJMmtVa2tpNEo0YmoxWHhTRlY2ZnNFOFB2QkpaVmpQSG1HQlgyend5dXV4VEF1d3NjOWcyWF9JOHVSSGVkczUtSlczdkk5QVhIcVV5eWlXU2RhYXQtQmxJSEJTVmtPTmptcDllY29tMWF6MVF4MEotNmpfdzB3NTB2RVF2eUNfQUVYeHBoWGJYU3ZONUdTN2ZyUHJKQzBfd1F2Sjg1VVgzeEJkRkRHa0xSeTB0OEhOZjk2dlR4UWlUZWVVWXgybWJ6eVI0bEpSYkd0YU9zMlVSeU1kRQ?oc=5&hl=en-ID&gl=ID&ceid=ID:en,2026-03-17
"jelang lebaran, harga cabai rawit merah turun - pemerintah provinsi jawa tengah",2026-03-17 07:54:00,Pemerintah Provinsi Jawa Tengah,https://news.google.com/rss/articles/CBMiiwFBVV95cUxOOEpDVURxRlpnWERkaXdnc0ZkbmZWb0t4eDRJSWxoTWVJc2xWTkRRT01PMi0zM3Qxa0Y2c0U1Z0ktVjhjMmNmYmJ0RzhzR01mdy1EVzc5aGdLNVFHZkd1N3NCS2FrVHd4QTdjeTU1b01jb01uU3ppZlpaTmlMREFoY0gtUUJyOFFPZG1n?oc=5&hl=en-ID&gl=ID&ceid=ID:en,2026-03-17
bi warning potensi lonjakan harga cabai-beras efek kemarau-perang - cnbc indonesia,2026-03-17 09:13:00,CNBC Indonesia,https://news.google.com/rss/articles/CBMixgFBVV95cUxNNFVmaEZETzBPbHUwVG9EN2NsMGtFeVh5bFVUc25tR3ZITllaWlRqX19TNngtVldWNEpfVG1ocFRmODBIT0RIdy1CYzhiUl9ZajlZYXlKYXdzak5KNm1NVUw2dkNSUXRsTjhoQUU3bVIwRUo2MWxCQ3ZRT0FOMTdZOXFrZm50OEhfSkRUNVBJN3ZBV1pSb0tYNWgzS0VibHV4ODVNZ0hoNGRiYnB4SDE1d1h6OTR2Z0NyTHI3QkZRUzR2TWRYZmfSAcsBQVVfeXFMTXRxNE4wQXU0dVZlVnZOOXpubVUwaThRUE9VT1E3ZnNuRExRbk9ON05jS3hycld2SVQ0SU9ycVR5dmI1Wlc4TmkxNEVHQVMxU25Yck02LUlfTG9nbUJ0ZEZoS0JfS1IxRm1rUENHUXhISlpacDFWMHd5SkRxWDBZejZEWGZIc2plVkQwZ21tTmNGVWdqVXJuc2Etc1NXRHpyX2lYb0VHelVmeFdoWXVOeEtBMTM4Q1ljWnd4MHBtQk5pRGx0U0dGOWdETWc?oc=5&hl=en-ID&gl=ID&ceid=ID:en,2026-03-17
"harga beras 17 maret 2026, kualitas medium stabil di harga rp 15.000-an - marketeers",2026-03-17 09:24:26,Marketeers,https://news.google.com/rss/articles/CBMinwFBVV95cUxOVEJDRWNYZFV4VkxqUFdjRXhINmtiNFVreXF3Ylh5dmFlMFhqT0c4TmtqaFZsUnNyYVpEcmNndnhJM3dqZnhSLUVLZHBiN2xqMWdIalFvNFF0dVlUZ19mR1g0SXpOSnV4SGppVVh1UUhlb18tZTU3Yko5aUZSeTFMOENRUEZnVmlWRE0yMUhqampRQ1RhN0FUUlg0X2hwT2M?oc=5&hl=en-ID&gl=ID&ceid=ID:en,2026-03-17
bulog bulungan pastikan stok beras aman hingga pascalebaran - antara news kaltara,2026-03-17 09:27:11,ANTARA News Kaltara,https://news.google.com/rss/articles/CBMipwFBVV95cUxOX21GVkJUcVhJdDh4ZHlSelFEVkJRT0MwYmNEUDl0TzNZQVp3MWxJQWtCeWpldl9wZUpCblVoOFRNcEpQR0hoVFcyZTZMTTZ2dWo5ZFBvYXp5bGZRcTk2SUFlbWhzZndxZVpGZXUwcWtQdkRCRThFWWd0dmZEck55T3lTM25fT0M2cGNiTV83V1lWbV91c2NrdWdsRTFPbXRrXzFLRGFTbw?oc=5&hl=en-ID&gl=ID&ceid=ID:en,2026-03-17
"harga pangan hari ini (17/3) di jawa barat: harga beras, daging ayam dan daging sapi naik - databoks",2026-03-17 10:32:47,Databoks,https://news.google.com/rss/articles/CBMi7AFBVV95cUxQUjBYbnhERl9NMjJRSnNiNjNsZWpWNHJCYTdVV0ljTFY0aGhwSUQzMTVpREdSSzdiR3FsNkZ2TVBfdm5pZVlFWlpSNEpMYk9hdEF1T0ZaU2JkLXZrN3RxNFhZVG1VQ0hlczhuX3JDM2EtS2lZeWFLek9GQ2pPLWU0MDBlcXVJbDVEZXFrajhzZFNqanBvazBTb2MxajFid2kwSkhUVkhRb2NQWjJhMG5wRlE4bDl5ZlE2cXJlTUpvRmp3WWtpanZ6UHYzY3pKY1B0eDRDekh1TkRrYnkweGg5VUFqZmNkam5yQ1JRWg?oc=5&hl=en-ID&gl=ID&ceid=ID:en,2026-03-17
"pemerintah kecamatan muara wahau cek harga sembako di pasar tradisional, harga cabai metah besar turun jadi rp70 ribu per kg - pusaranmedia.com",2026-03-17 11:30:12,PusaranMedia.com,https://news.google.com/rss/articles/CBMi8gFBVV95cUxORGNCV1h2R0dHRjNTdWdxdDBDTnFsblYxUVUwM1llTmlKVE82ZnNBQjZZcWpnR0N0ZGMwMU1pbFZFSnZPckFvclE3VG1yU0JBTTRvcEZaaFJYUnFvMEpuZDgzSzNYTV9vdFRLZzVmMkU3ZGNqOEpfaWNFQUhjekNKdVhWX0JGTkFhMjNGOFB2eVBBbHA4LXI3VmZrSUI5Y3FNOU5od2tDa0MtQkRZOXZxYzZ6Z3VyZDhHUGppbFVsaG55dV9sZWcwWTk0aGw3YkVXWVlLbXI4TGZxSkRBM3RBWUxzc2JtVmZrVVFqeFZHYkFLQQ?oc=5&hl=en-ID&gl=ID&ceid=ID:en,2026-03-17
bias layar kecam keras penyiraman air keras terhadap aktivis kontras andrie yunus - fraksi golkar,2026-03-17 11:57:19,Fraksi Golkar,https://news.google.com/rss/articles/CBMitwFBVV95cUxPNlZUaVJkbGZUNFlaTlpHd25iY1UyckkzUk4ybUZUeFp6LWdQTkRfbDROTEZjWFZtbVV5QzJJOWczek8wajVGc3lFZC1mRHNhdFNSX25VVnZuZmdVY2w2T01qZUV5VzlLTFU4NmlYSWkxd2puTW05dXl2RkxpVWdXYmdDM2dCWEh2dzZHcVF6N2hqLWZIMkJDM09FeDBlUmRYN3d5TXY0clpJemd4ZFFUQlNpRHVVT3M?oc=5&hl=en-ID&gl=ID&ceid=ID:en,2026-03-17
"menjelang hari raya idul fitri, bulog jamin harga beras dan minyak tetap stabil - rri.co.id",2026-03-17 13:17:00,RRI.co.id,https://news.google.com/rss/articles/CBMixAFBVV95cUxOS2I1cl9tYi1wV0ZEMGlIUi14b0NSRXRKd2JScGVwUE9xYkxZbF9uUVFxYlUzcnNsNlRneVI1VVVJRU5xeU5EaVFyX09UUnFUU2M0ck9fRTZuQzJQTFVCc0p4R2sycG5lM01mVlhub1pKemp6RmNxblY0N1JKMjBFcU8tWDBGSXNlVXNRLTdVcE1jN1VscUJYUGlwQmVqRlg1bXR0VDJ2Wk9ZcXZaTld2NG9aanJHN2hEbjZoc0ZCdllwVWhX?oc=5&hl=en-ID&gl=ID&ceid=ID:en,2026-03-17
"beras tembus rp18 ribu, lpg eceran ikut merangkak, polisi sidak pasar muara wahau - media kaltim",2026-03-17 14:17:27,Media Kaltim,https://news.google.com/rss/articles/CBMipwFBVV95cUxPbUdVV2FFUWM4cmVzenk1WmMta1RqUUt6QUlrbWE1aUlmemZfM2VBLUx6akhla281ZXl5cWxyamREaEpLWGlFV3BlUHVUX1ZFWmZadW1pV1g1WVVIeVN5QXZVcm5yb1NmY0JCZGk4b0E3cmt3V3lVRzZKTHRfTkNtOXl0MGQ5elA5czdUck5VODYyN3Ftdnp3R2NGRlo4ME5ablMxc1pyNA?oc=5&hl=en-ID&gl=ID&ceid=ID:en,2026-03-17
"harga cabai picu inflasi, stok beras ponorogo melimpah - pemerintah kabupaten ponorogo",2026-03-17 14:31:00,Pemerintah Kabupaten Ponorogo,https://news.google.com/rss/articles/CBMikgFBVV95cUxOUGwxMDdvamVpRTQ1R0c0OHBGWU1IYjBvYkFWMnpGdFlCZXNOWVN5NFBmNFVjWm9TMkhmdlBGWUI1LThhb1UyTnJjVUpNeE9oYVRiSk8wMUxMR0RzdHdHOXhDR2pxWEJUYlNKMXk1U05EZ2hqSGNYb0dld0N6VHV3akdnQjBtNGREakxsUU01M2E1Zw?oc=5&hl=en-ID&gl=ID&ceid=ID:en,2026-03-17
stok beras di samarinda dipastikan aman - busamid,2026-03-17 14:31:04,BusamID,https://news.google.com/rss/articles/CBMiaEFVX3lxTE1QVTRwTmwxMm9yTzZLYmhuRjAzNmRGd2VUZy1IcGJVLW1qc3ZvLWVjajFTdWJKaHBmWENXMTBJWUUyUmlvRHRTVHRyYlRxbkhnbDlRd2NrTlVsTHV4Vnhta1pKOUN2d0gz?oc=5&hl=en-ID&gl=ID&ceid=ID:en,2026-03-17
"wagub sulteng sidak pasar jelang idulfitri, pastikan harga terkendali dan stok pangan aman - banggai raya",2026-03-17 15:48:47,Banggai Raya,https://news.google.com/rss/articles/CBMiswFBVV95cUxPMG0tdWlreU01a3V5MG5ZSFZlVkN4ZHFZR0VfY0p1M0s2Q1BSWHNEemM0NkEwU1RjNkdzam5JQUh5dmNMU05jcVY3eEVwWUpMQ1ZGaTNUSzlqMm5oMGRXeTk1TGFIbmZSN3pTT2J6alNCOGkzbWEtY0JqTjl4eXczNHgwdEkwdDJEcTBSSjNKWXlSbzh1dUt3QXZzN2hCaWh3cWlfcFg5elA1V3ljX01XellzSQ?oc=5&hl=en-ID&gl=ID&ceid=ID:en,2026-03-17
tni jamin penyelidikan internal soal aktivis kontras disiram air keras transparan - detiknews,2026-03-17 16:19:37,detikNews,https://news.google.com/rss/articles/CBMivgFBVV95cUxPamg4dnh0YWVPOGhvMTlqSl8zb204ZFdfY29NOXF3M043eV81MHZGZXEyUnp6YW92R0xsRE9Jeno2LTg1VVVhWm01QzRFbzVUN2dQMXM0SE9UcXp6SjFzZjQ0dVBISFZ5RktZV1lMVl9xOE1XNVFXZUtfa2RHbDhrcEpCVlZSb1BfbTBJeE9weVhhNVRldkg3OExyWDRoU25VNWlwUDRWTmRKOUItUW1nQkF4YTBDSmItaElCcEZn0gHDAUFVX3lxTE8wMVNCZVRCZ045dEtOS2Y4REhKVzE3aW1wSng4YUJlU3UzU1Bld3UxZ2Z0QUVMeVNwMWdvRW5zRjRHTU5WdGFTSFJWQmFZU0N4cGtjR252d3J4Z3Y4b2NZUXlXU2FTeUVEYnk5d0x5X2dyQi00OW9BeDJDMXNpaUQxX1E0LXJrdl9nUlZILVlCQmlOS0ZCMHQ5VmtvVVF5U0Rzb1pWTGRsTk1wY3FZMWFlU0YzbDNOUDJlTWVqOVlwN3k5OA?oc=5&hl=en-ID&gl=ID&ceid=ID:en,2026-03-17
"jelang lebaran 226 harga cabai di bandung masih tinggi, daging sapi, minyak dan beras masih sesuai het - lingkar.co",2026-03-17 16:45:00,Lingkar.co,https://news.google.com/rss/articles/CBMivAFBVV95cUxOcEp3R1loVlJkSjlKeWM3S3o3X2lXYWVNZ3BEX1NYTEdySThDREFwR0ZiYzdneDM3dkxGOHg1MGo0Tk8yd0xIeE1YRUFvcGppb25rZENEdm8xcjBNVGdOWGpDM203VHhkZXVHajV1RjdnWkFYdGw2OXg5QkQ0MTl0clF5UjhVZ2NUSzhDdkRkSzN0c2c5QlpuZVpmTmJjeXZidWVMRFFiNThtZzBmLUFuYWRnVjFUdGtGY093QdIBwgFBVV95cUxQMEJwQVN1R0NFZDhpa2J0ZkxhZUR3cVo5N1MtUFlETHVTS2tFSnBWck5RbWpvR2VxTGhYRV91WWZxa2Zxc1BkMWpRZzJIaGduY2RxWllVc2FGQ2lsZ0dibUMyVjBIOWVSdEY0REVRRjJlY2ZkTjN1VmFXVnRqMkZ6SGtnY09LNFYteG9hYnI4ZXpiT0ROelNjaTA2SHBIcXg2clEzVXlyaFQ5c3NIMFJjWk4wYjM4a08wSkVMTi1xQTZLQQ?oc=5&hl=en-ID&gl=ID&ceid=ID:en,2026-03-17
"wagub sulteng sidak pasar, pastikan harga terkendali dan stok pangan aman jelang idul fitri - posonews.id",2026-03-17 17:28:12,posonews.id,https://news.google.com/rss/articles/CBMivwFBVV95cUxQUk1qQUt3NXd2dW1nNE95Umc3UDBDckkwSVQ0ajlicTJuQko5UzgzTVI3aDJjakhtRExOQWFSZ3poRWxIZDlMdWxlRTBWdWZ1azA5T21HalNUWHdSckgtZExWN3hXVWZRQ2ttbUZWY25DbGcwVS0wMERMYVhrV1BWYkxRZ3J5TGtVUlVFck03RWNPTEo0VHFnVUZwVmdtMWF2TG1DY1p3cjRSanJvZmJYNDBEdVdJZm5wbDhZRDZCOA?oc=5&hl=en-ID&gl=ID&ceid=ID:en,2026-03-17
"video soal kasus penyiraman air keras andrie yunus, istana: presiden minta diusut cepat - 20detik",2026-03-17 21:45:17,20detik,https://news.google.com/rss/articles/CBMi1wFBVV95cUxNQXZ1bTQ5X0djSXNZLXpmVUNoRDI4S3VFM0VaVnpNYVBjSEUzZzg2aUlGWk1jSFZjeFprOTN1WG9Td0cyM0pScFE0cW53b1ZBUmJEN08yVmlfT25aVjBRdzFmTHNsRU9OV3NzclhIXzNrYmlXRUt3MmRvR253eU04OGtMbEphU2dYTGlnOXNyWEVpelJmR0JGR2RNVzdFUy1aV2JDYjZDNXFrLWs0a0thbzlLcGNGS2RPUGVUelVLRWFKcUZ4VDhIczh3eWhscXMtNTBZR2dyNA?oc=5&hl=en-ID&gl=ID&ceid=ID:en,2026-03-17
bulog timika salurkan 2.400 ton beras sphp pada 2025 - antara news papua tengah,2026-03-17 22:40:37,ANTARA News Papua Tengah,https://news.google.com/rss/articles/CBMioAFBVV95cUxQOHkwQWx4ZXV3YkFfZDVnbjNMM2k0MUZ6ZzhQLTE1YUVBLTBWUUxMX3ljNDR0Yl93TVgyNVl1NTBlVWR6R040Q1RlUDZYLWRuOUgxeS00cGdJUnNQcld1Rk5TSm8yeUVBcmFwVWsybHZFS25zalQ0SnBXSGN0M1FuNTFmZmlfTGtlWXVuRVF5cDRFenh0MG1NSGdYVEIyTDBU0gGmAUFVX3lxTFAwMTBmUDJuT3BkQ1hoU3EyUW5IYkxfRlNLQmUzc3ZHOFh1Ym1qQnVHR0wycmt6ZUlSOWU2alpEY29SQW45Tk9xYjd6eUFFSFRybTlIVVlwQ2d2REt5VzBETzcyNVl4d00tcFVxYmxGa0ZSbXltbEFwN0pGeWM2T3BwbVZiRXB1NWhVSG5QdTIxNGc5WHFNU2tjTjI5dVdaeUdrWFlMZkE?oc=5&hl=en-ID&gl=ID&ceid=ID:en,2026-03-17
profil andrie yunus korban serangan air keras - tempo.co,2026-03-17 23:00:00,Tempo.co,https://news.google.com/rss/articles/CBMihwFBVV95cUxQZnlNQTQ1TFBBa1Q3eUxUR1JtXzg4bXY5TDVNYkVPRVRnejBrNV9LSUN0WjA1bU5vQWJSejBBdmUza0pUQ0hab01sUWx4SE4xQ1RkNWkweUEzbEw2aF9OU1dVcDN2d1N6WnJFOHN5MWRMRmlHTkpkUk05SUVhSkVaOTlZaHRNQTQ?oc=5&hl=en-ID&gl=ID&ceid=ID:en,2026-03-17
"kondisi terkini andrie yunus usai disiram air keras: luka bakar 20 persen, kornea rusak - kompas.com",2026-03-17 23:37:00,Kompas.com,https://news.google.com/rss/articles/CBMixwFBVV95cUxORzdqMGdLaTliUDFJaFRyZFJBM3M3VWNfQldpWFNDcndBNFN4eHlNNGktUjJLWjltVkFoZW9lNzZaU2plbERNal9hMlZxTGtwU1NNQ3hIeEhfZl93bjFtZTJYcUxTbWpuMVVya3NVc3J5OEpDTXhoclBsZ3M1MGIxOU1OMnZrRHpKZm82ZV9fai1VeG93NUNXbFpRc0tCYkhoYXZVTEtMQUZZcTVhUjVIVGdYQmd0eEYxa3hKdDRyVjFkYjlOYkZF?oc=5&hl=en-ID&gl=ID&ceid=ID:en,2026-03-17
polda maluku beri sanksi lima pelaku usaha pelanggar harga bahan pokok - antara news ambon,2026-03-17 23:46:01,ANTARA News Ambon,https://news.google.com/rss/articles/CBMiswFBVV95cUxOQzNJUHV6T010d2IzNmE2OWtXNF9oRkpkcGpOVDZLTi10VkQxZllxQ2Z0S2EtLXNGUFk4UE80VTVTUHhIdS1mbmR4RV9zTmNTcExCV1NGOXRDdFp0MHlnY0ZzLW9LdFZPcGVtTGx3QUpxMmxhaG9VSzVXODNrNVRuR3lZSllCY0M5U2F4eW9yNlpobF9XWXhEdG9kWGNEbjU4cW1oY21Lb0Y2S014Zm9DU2pad9IBuAFBVV95cUxQSFpzMWllUDZxelpRWUpFX0VOZjJGenc2SmcwMWI1OVNZbXNYU1A0cm80RmlUZWtNUlJNY09QU2xDZU9zNEpLTFpHcUJjeWs4dkFfbUJjdVJoTFY5YURCRXMyb25lcW0ya3RoeXA0X2l3ZkltMkRZa3M4d3NHNXlxeWw0R1VfT28zcUx2LWw1M3FCeVB6RERNOGN6MFdNSkZJTjMxNVRHUmp3N1J2V2xucUVFR0puQ1RI?oc=5&hl=en-ID&gl=ID&ceid=ID:en,2026-03-17
