title,published_date,source,url
TNI Tahan 4 Prajurit Tersangka Kasus Penyiraman Air Keras Andrie Yunus - Kompas.com,"Wed, 18 Mar 2026 08:24:00 GMT",Kompas.com,https://news.google.com/rss/articles/CBMiwAFBVV95cUxNdmNQcUVYaEVBLXV5YnpEdVpJdnF5aDRWOTQ2N1hJMEpld1FRSWx6Qy1UUWhFT3N4cnJqM09xRUlXTDV2ZGE0QmhFOG81bjZZVThNdkkxOHZ1Uzg0S3UxY0NwbnZCeTQxX3JuSDJWd2FVZHhLRkE1bDBxVzJwLWotSHN4d3pxbXRJQlA0RTJnM0xtN1dWcUNEZHAtTFp1WEhpSm91Vno4V1RpclpKZUtFXzEwc3hXblZJRTVNV0JpRTg?oc=5&hl=en-ID&gl=ID&ceid=ID:en
"Kasus Serangan Andrie Yunus, Ancaman bagi Pembela HAM dan Lingkungan - Mongabay.co.id","Mon, 16 Mar 2026 04:57:15 GMT",Mongabay.co.id,https://news.google.com/rss/articles/CBMipAFBVV95cUxPTjczeWpVQ29RcXFxUTZWc3VpOXN4ajJDeTk5TGVjYXdTcG5oVktVVGtnZlNKcl9lZlBkR0pfcEVNRHpuc3k1a0psUzMtaDdQSDNLSjVSd0twX2ZoWTRMRFZCdmtPQ1pQc0l2UGVsTWtBelhFRWV2RmxfWHlMX3ZFQWxfMENvNnhtWldMYjRfXzE4Y2wyNGcwcTdGOEgxZndpYWxPaw?oc=5&hl=en-ID&gl=ID&ceid=ID:en
Menguak Kejanggalan Kasus Andrie Yunus: Dari Air Keras hingga Dugaan Perencana di Balik Layar - Hukumonline,"Wed, 18 Mar 2026 05:40:59 GMT",Hukumonline,https://news.google.com/rss/articles/CBMi4AFBVV95cUxPeG9Ta09vbjJIYUxzWHdSSzA4aVhSY1VhYnNEZ2V6emVBX19DY3ZnMXhxTTctd0Q0UEtoaVVGT1I5b01XMUIxUkIwSWZZaWQyOFBUWDhYSndDTlNhQy1FWlhSU3V4RjgzVlhUWGFKRFZkazF4dEFJYU5EQkxYSmtZaGl6TDhvVUw0eG5UZlR2andkemFsWWJQZWp1MDdVdURVamRIOG5ZRmdULUxNcnBhUkRHUEVYQmdIUHRLbjN3V1lCMm5Ic3dZeGdHQkZ6OGpZRUgtVmx6bkROcXdzZElxag?oc=5&hl=en-ID&gl=ID&ceid=ID:en
TNI Dalami Dugaan Ada Pemberi Perintah Siram Air Keras ke Andrie Yunus - detikNews,"Wed, 18 Mar 2026 08:04:15 GMT",detikNews,https://news.google.com/rss/articles/CBMirwFBVV95cUxOazJLRnB0N2pRZnUxZUVtdVAwTGpROEJlZ25IRk9iOXVETm9keENLa3d2MThfbC1lcnEwUWNtNVlaOGFFRUViVU9xaVJQMEFyeVZBMWw3dl9QOUtJbHBpY0s4TXM5RVhRU2xXYnVKQ2tJV0JvcEdfZ2hQQ1NRZ0dodzVac2RYaGJ1dDhVb3NwRVE3d1hPSGtPcXBSQW82MjhaeGtVamFTOWJuS1lyNGNn0gG0AUFVX3lxTE9sVkF3dm15dm5xdXFKSERaUGhuU3VuUXBkRHZtXzdRNERKUjN6WVd4UTBZMVdhSDdIbWlqQ1BLQ2liV2RONGRrczhqMWxRUkcxV1J4RGdRVXJ6djVLdldZN25HT2o5MW16Ry1JLXl1aWV5OEJ1NkRYaW1JUDlfNC1hR3NMSm9lTXVTWmhuNWlkXzViTXlfZFdTLS1EWmlXS1JGaUl0X0VYRzZXa0RodS1YUHhrYw?oc=5&hl=en-ID&gl=ID&ceid=ID:en
4 Prajurit TNI Diduga Terlibat Penyiraman Air Keras Aktivis Kontras Andrie Yunus - Kompas.com,"Wed, 18 Mar 2026 07:17:00 GMT",Kompas.com,https://news.google.com/rss/articles/CBMixgFBVV95cUxQQUl2R0tVOVR1dWRUUFFBSDVLLXNxaUxuRENFQ1MtaEFYVnFNR1ZmV3M2T2ZNS0JRSm1rMzdKeUI2am5KRTcyMHk1V1BNQWFkVFdUQ2t5aWtRUC1VSjRfY0NGcmtsZFlFVXF6d1FXR0hac0d2MXJ4MGc3SkxMRXBFeTlxTzFiNENiYm1sRW9iR2VSb3YxcGxHU2FFcUpHMmRXOHg4TjFSd1VOTW9IbWNKVWVTM3lJcnVMVklxN2lCcGd2YVc4QVE?oc=5&hl=en-ID&gl=ID&ceid=ID:en
Urgensi Presiden Prabowo Bentuk Tim Independen Ungkap Teror Andrie Yunus - Kompas.id,"Wed, 18 Mar 2026 03:35:00 GMT",Kompas.id,https://news.google.com/rss/articles/CBMipAFBVV95cUxQZXJ4M0F1WVRzcXpBSmMyNUt3YTM2bmhZUmZHTUxkOWkyZkdxLXBqVDNDeFYxcnUwWEdjVkNmQVgyMTVGUGR6SE9DZXBQMmtlcjZjeXotTlZIdnZwSHVyUUREbmtRb0EtYUFnQ0Z6ZHNWVVdkTndSamhhLUwyNjI4NzJuRHJZYlc5dzV3RmNOX0NpOXpKNkNpbzBTUGpzVUU1R202Uw?oc=5&hl=en-ID&gl=ID&ceid=ID:en
Profil Andrie Yunus Korban Serangan Air Keras - Tempo.co,"Tue, 17 Mar 2026 23:00:00 GMT",Tempo.co,https://news.google.com/rss/articles/CBMihwFBVV95cUxQZnlNQTQ1TFBBa1Q3eUxUR1JtXzg4bXY5TDVNYkVPRVRnejBrNV9LSUN0WjA1bU5vQWJSejBBdmUza0pUQ0hab01sUWx4SE4xQ1RkNWkweUEzbEw2aF9OU1dVcDN2d1N6WnJFOHN5MWRMRmlHTkpkUk05SUVhSkVaOTlZaHRNQTQ?oc=5&hl=en-ID&gl=ID&ceid=ID:en
TNI Tahan 4 Prajurit Terduga Pelaku Penyiraman Air Keras Andrie Yunus - CNN Indonesia,"Wed, 18 Mar 2026 07:43:42 GMT",CNN Indonesia,https://news.google.com/rss/articles/CBMizgFBVV95cUxNUTh3ZzVVRWM4Ny1OcWVOTzgybUZna2NUNEZSeWIyeU5DNWFidE1URWsyTGxDUTFia2xsbW51UEtUbENhZmdsaHNkVEkwTElvRFowNXlvUHAyRGdMZ0dGM3I3Uzc0MnFZUFBCcEpER1N4dmZUN2RVRHBjQmpTaHMxTXJMNmxoMjZHR0d3ZE9tcWdsR0Jid0tTV1FNZ3ZnV3gtQ3N4ZGJKNzNWNVBKTFFIcXN1blpxbTUzdnFPYmxPQ1AteG16T1E5MlFZZS1BZ9IB0wFBVV95cUxObEdwMWZRdnVlRG1McUpYYzEyeVpEcloxM2xmTEJ4R3Z3YXVReno0UG90TW1BYjBxcWl1WWFfbDJuTTdvQUJGV1BqRVNKTzJpZXVMOTdUWUlMRjZlOV8zRGpKYTZxaUJVN2Z5UE55ZEFKUnFoNHBOaGpMLURFQXgtTTRWZUJpRHAzSGRTQWhKTzBnQTFYeDRwcEEyekp4VWhCQUpPVk81cjlvMjhXdnV2LXhKQlpWUlJNOTc2eG15Vkl1YTg4OFlRcFRaU2lyMkxTZ2d3?oc=5&hl=en-ID&gl=ID&ceid=ID:en
TNI Tahan Empat Prajurit Bais Tersangka Pelaku Penyiraman Air Keras Andrie Yunus - Kompas.id,"Wed, 18 Mar 2026 08:49:00 GMT",Kompas.id,https://news.google.com/rss/articles/CBMirwFBVV95cUxOajZ2dlM1cDdsY19TU2xzX3h5c0duNGdWTVNITHgyREhiM3JVVkJhUTBZbGxKazU2S0NhZ3Vwd3d4SURObEphZGlrS1llcUZOMGN1QTdxY0ctVUN2ZTdMY3pjeU1CYVRCMzRnV2lUOW44bndfVkdPRHVuZXc2OGgwQUJvNThzYTU1dlpfcF9CcmkxVUh1SWVRMFljZ2hReXFNX1dXb0Fkb0pfSlRLcDRJ?oc=5&hl=en-ID&gl=ID&ceid=ID:en
Puspom TNI Dalami Motif 4 Tersangka Siram Air Keras ke Andrie Yunus - detikNews,"Wed, 18 Mar 2026 07:22:15 GMT",detikNews,https://news.google.com/rss/articles/CBMiqwFBVV95cUxOZmN6eGFpOGU5T2VXNjc3QmhUc3FUYTRqaWlqUG13d05MZTZBcDA2U3BhVFF3UEVaaUpyWmVydUFEczlUMzZxV3I2ekFOb201TEplT0VPdXI4WG95X2hvQmJETlVOQmxXVkZ4SGZZSmc2QTNJWERNSkxyNUdTVHdDNS1Ja2VkaUoxcGpWLWFkS2R2ODJCVUZuMWRPN3ZWbEJaRG9ZdENRb0xXVFXSAbABQVVfeXFMTWlZUXNIT0VJa05GSHA1Z2h4aFkxdzVJYXdnZ0NxSHZ2bmthVEtpdnUwV0FWZmVFQTEwc1pmQ0V2THlNWWx1NXVBZWdWWE1HMl9RUEVTeFBtNjJYOU1lQWl1SDA2bngyZDUxbTNEbHk1bUhkcTB6Mjh0dVFEWEVWNWJRTnk3b25uRmFVekpIeGhkVzZMQ3Z4dDFaNjJYLTRxMDdaZ3l1RnZYOWRjTElJcGg?oc=5&hl=en-ID&gl=ID&ceid=ID:en
4 Prajurit yang Diduga Terlibat Penyiraman Air Keras Andrie Yunus dari Bais TNI - Kompas.com,"Wed, 18 Mar 2026 07:40:00 GMT",Kompas.com,https://news.google.com/rss/articles/CBMixwFBVV95cUxNRHFlM3hfOEFEY3hXNWY2Z195ck9pUnNGVnZ0eHAxZFZfWFpHclJ6VUhTV1ZLTUFSWFRsRXNIUGtFb2ZfWTFzdC1kT0sxRVpOb094YzRhNm9Pb3Jucm5sMEFaN1JrclMydlpicFBFa29GYXR1U0g5ZW0xRkItQ3ZVVjlROEtnRThVaTZvMWlYNHFBaktkdlBUY2J0MDJMbEpfNVJxdy1sci1mdUZtak1XQmtTYjJfVFhuV2haOExaRjVublIzT1VV?oc=5&hl=en-ID&gl=ID&ceid=ID:en
TNI Tahan 4 Anggota BAIS dalam Kasus Air Keras Andrie Yunus - Tempo.co,"Wed, 18 Mar 2026 07:58:15 GMT",Tempo.co,https://news.google.com/rss/articles/CBMinAFBVV95cUxQM1h5QnhpNXZ0SGQ5aUVIZ0R6U0dFTlRLRW03eHVCSEtBV2IxZHVNX3Z5VkQ4Si1YQlB1amtGNjkzQlJ5TmZ5dldrc0dqZmc5YlZhaTlSTWh4NUwyLXp1VlU5d2liY2w0MnJTamI5d25vNU43ZnlyWVJ6eDBBcmtzdEtXZkNPYXpld3ZnaE5aQTZoaEJFLU1jVXU2U1I?oc=5&hl=en-ID&gl=ID&ceid=ID:en
"Danpuspom: 4 Pelaku Penyiraman Andrie Yunus Anggota BAIS TNI, Matra AL dan AU - MetroTVNews.com","Wed, 18 Mar 2026 08:26:22 GMT",MetroTVNews.com,https://news.google.com/rss/articles/CBMiuAFBVV95cUxPeHd2bl93Um1HQ1FLWVl4cnNyOUxIeURvdlVXVnNzNDhqNHBHY1JwU3prQmRRM01za0M3dXk4VTFnZTBvTG5UTUk4UkZFNVdDcHBIaXhMcTNEZXlRbUZRZTJZWDBfZ1F6b3NDWGREbGhMc0gzMU9UTV9UU1VYbER2bncyZnJlMloxWjhKMThwZVNxSFN3YktyYnI4TkhtTThUNEtZdHZUQ1dzYkZEVzdyWDJubTZHUU1S?oc=5&hl=en-ID&gl=ID&ceid=ID:en
Polisi Tampilkan Wajah Eksekutor Penyiraman Air Keras Aktivis KontraS dari CCTV - detikNews,"Wed, 18 Mar 2026 07:16:58 GMT",detikNews,https://news.google.com/rss/articles/CBMiuwFBVV95cUxNNlBPQWlERVZsZ292d1hWQnZFRUE0b0hnZ0R2SHdPZE82cFloc2swQ0lZTkZ6amRTSWdWNXhnbndfOGVXRHdWdEhUQXpmUmhUdmNrUEc3U3NDX2daMG1xdVZWMTVxMDNjY2ptYW9jeTJVU2JIUUM4eWhvRFBFeEFXQmlJaUJvV2lBUk9pemY0cGI5VVRiZmxOVUdvaXd2YkxFMFpFZ3cyNEliaXA4cTloWnhjOUpxR0JmUWk00gHAAUFVX3lxTE90eVJRYTdBNm9wRk1EWUkwZVR1eF9WNDBzTE5MME1xN1N3bDd1cFUxTXhuUlBraXNoeGliMENFOHVaN2xKam9GX28xcDhWdEM4YV9uelY3ZXZyWVFCV0pHNWN0cEhpSTlabmg3SDEzd21YTGFjdEVFbFVzNXlYTGdsN2xIY3IyUEpsTHZ1a2d2WWRZX3M2MUU2THFtZkI1bUNRX3BhazdINVZGaGZoUlhYeDhwUnZRTVYyTldlTS1Ldg?oc=5&hl=en-ID&gl=ID&ceid=ID:en
Desakan Pembentukan Tim Independen Pencari Fakta Kasus Penyiraman Andrie Yunus Terus Disuarakan - Kompas.id,"Wed, 18 Mar 2026 08:23:00 GMT",Kompas.id,https://news.google.com/rss/articles/CBMiwwFBVV95cUxNUWRzdzVrUVRnMzZsZHNBOURfdllkRUZKTmY0cElFSThNWFM1ZlZlMnVSOFZHUmdiMFZvX2lxVnFqQ0hNcjBWZHBJZzNQcnRHYzNiVERTXy1INHp1SHdWbWJJTUNTUkdsc2REcEZwQUJJMHZkNFRRTllWazQxTmVCbEgwZ29YWlliNnZBbTdoa25nUjZISFhmbHF3MmhGbzNOZjNFNFBLcGVLT1pza0d6VElTWmFJRGZtbGxtVF9aUWpYQ3M?oc=5&hl=en-ID&gl=ID&ceid=ID:en
"4 Anggota TNI Jadi Tersangka Penyiraman Air Keras Andri Yunus, Ini Inisialnya - Kompas.com","Wed, 18 Mar 2026 08:06:00 GMT",Kompas.com,https://news.google.com/rss/articles/CBMiyAFBVV95cUxNTVdoU0hFZExwR2M4UzhRdnhBUTRHMkVvUWk3YXJDQmlUcHhDWnNDUk9GeEhaY25waHlkd2I1MDhMMGNVNEJLQjVjdlZvUlRsU2trSWtET25uZUgxZE9aX2s5YkNYTHJNcWMzQXpRMm9vUmtKVjRWd0g2Z19YUVVneWZ6Zm5wcG8wUUdlNlR4THA0U1ZiUVIxdkROeFZRejNNNG1WbHRKeVJCVHFuQjVaN3ZFUE1ON0FXR3YzcjhLWjUwMHV3R3NETA?oc=5&hl=en-ID&gl=ID&ceid=ID:en
Aktivis KontraS Andrie Yunus Korban Penyiraman Air Keras Jalani Tanam Kulit - detikNews,"Wed, 18 Mar 2026 09:44:11 GMT",detikNews,https://news.google.com/rss/articles/CBMitgFBVV95cUxPemRmT2NOV1JlLWlBbnpqQ2w1eGN1X0tkeFctMkNldFFKcWNKY3kwRGJoUlJISjhXRTFwOGFWdkhlZ0dxQl9Zdko4SEFqXzdpSVEtem1QNHhHazViMmsxYWtRQXNLV1BabGlUUlRaVERackZVQjlyNkFiZktHMWFhTXpfNjVhS1RleXZWM0NnWmcxNXpra3ZIYndlME5sMHAyM1FCVEFMdkUtNkdvY0pSaDdaZVdMd9IBuwFBVV95cUxQanVYRkVnUGdYdGtXOERNMl9yZi1Xd2dPbU1MR2NNWFMwWWhWM3J1clk4Tkw5U3VQLVRTb2I2NkFjWVVDOTN5ZGdEaVpLVTk3LUtNckhhd2NSZHp0Mjd1YWgwUFowZ0VBWGhYV08wZjVLc05WOTQ0emNKMENKS3pla2RDNG1qYkMwRFdpWlZlZWxSLUZPaEVVTmZkV2tlV1pTeXM1Ynk1RXNHWVA5Sm53eDFzRExYTHJvSVNV?oc=5&hl=en-ID&gl=ID&ceid=ID:en
"Berbekal Keterangan 15 Saksi, Polisi Identifikasi Penyiram Andrie Yunus - MetroTVNews.com","Wed, 18 Mar 2026 08:52:25 GMT",MetroTVNews.com,https://news.google.com/rss/articles/CBMisgFBVV95cUxQNXA3TmVNa0N5eVdtM1FyNDNBSXQ3T3JfeGU3YWRkdzRKcnhMeXNhVUxmM2E0V28wMVRxX1BKNnB1T2E5dU5weGk4Qy1SaFY4VXBRTzF4Zl9pLUtWUnVDVWdJa2g0SkVLUXoyZGI0eDRGYldCOGVIUGFxZWVJaWNadFlWUFd6cV92ekNFZnBtb3BWT2Y4eWxEYmRHaUlwT0p1YXhSVjN0am5PSFkzQXdHSHln?oc=5&hl=en-ID&gl=ID&ceid=ID:en
Serangan Andrie Yunus Bukan Penganiayaan tapi Percobaan Pembunuhan - jaring.id,"Wed, 18 Mar 2026 08:43:46 GMT",jaring.id,https://news.google.com/rss/articles/CBMijgFBVV95cUxQZmM4eWdHZGdXckhnQnhjRHpEMnU5cGxfNTcyb1d5MUZzQXNaVHhXRjF3NFFjdW9uVDBmTC1seDhybmViZHdSWEFBTVFWdlZGZ3E0aVNCVDN5eXhSSGRReWc4NHVCdWZNb2dYVk1wZFRObTIzcGF6eHNOelpxdURzV3lXQWRjWFdQNzl3Z0pn?oc=5&hl=en-ID&gl=ID&ceid=ID:en
Fakta-Fakta Hasil Pengusutan Kasus Penyiraman Air Keras Andrie Yunus - MetroTVNews.com,"Wed, 18 Mar 2026 09:06:33 GMT",MetroTVNews.com,https://news.google.com/rss/articles/CBMirwFBVV95cUxPaHhCMzRqaVJMd1l4MEVhbHZyOHVrRzlCVzZZZldmVThqbkRiNHRRbWNkenVlbmRpS2g2cjQzTUlkNndzT1BvQjhkbnc2UVVTM2RYd3JsaTJhdkowcFBnU1FYREF0VkVjUG0wVVBxUDNqekswQV96TjM1S0FNQU5KWTdiay05VV9hbnY5TEpnZ2lnRTVvTFBrbDd5TnllMHB4a0RvSmNkOHZDSnNIWXJZ?oc=5&hl=en-ID&gl=ID&ceid=ID:en
Kontras: Tak Ada Kerusakan Parah pada Mata Andrie Yunus - Tempo.co,"Wed, 18 Mar 2026 07:09:44 GMT",Tempo.co,https://news.google.com/rss/articles/CBMimAFBVV95cUxNTGlNdTgydmRObElUOENSemhrSkdlOXZzTUw2UXBKbkZLR091S21ydG1tbXdlNmtWZVpqUklmZ1FPdE5jblpuWEstTGJFWl9KNDA3ZTlNVndBZWoyeFpmUEoxcFhrVzNYME5iVGRfek9MMzVwQ25zaXlmRFBsRkNZQVVCT3JLb0hBVXdxQzljUXlETzItMjk5Rg?oc=5&hl=en-ID&gl=ID&ceid=ID:en
Senjata Makan Tuan! Pelaku Penyiraman Andrie Yunus Diduga Ikut Kena Cairan - MetroTVNews.com,"Wed, 18 Mar 2026 08:02:48 GMT",MetroTVNews.com,https://news.google.com/rss/articles/CBMitgFBVV95cUxPSDhsbkRIdzJHeXZXUkYwQUZLamxKdk9LSmN2TjE0eXNNZlpKLXlpT20tV1gwMXU2QzRfRUlTWUo2aHV1ZGRBUkU1UV9nZkI1TWtWSUppQXZyNlZtVW1jOE5ISGJSRVVRUEZYbGNUU0oyWHZ6SjQxVmdWQVdLS2JWdjl4OFhWcnlILThVa2lrckZKZWFPU2dGcGo4c3ZBemxyVEtCb2IzYkJOcUpyR2VaUG11MG02Zw?oc=5&hl=en-ID&gl=ID&ceid=ID:en
"Kasus Penyiraman Aktivis KontraS Andrie Yunus, Data Pelaku TNI dan Polri Tak Sama - MetroTVNews.com","Wed, 18 Mar 2026 10:42:44 GMT",MetroTVNews.com,https://news.google.com/rss/articles/CBMivwFBVV95cUxQZzQ2dXBuZ19XXzIzTmFNYUtFRXZ3aFB5NE8zb3ZGejFmZUJxZDN5NFBJNzlRUG5DdEsxMHBqUjVvSmVhUlBldkYyOEs2dl9WWDhFekZPNTNpUjdyc3c1cTNSU2dVRDNwbHRTSlIyejF2SE96b3RFRXE2Z3lCNVZMZHZCaW14eE95Vml4ZERnMGI2enM5X3AxUGVTM3dnTjJ6MktRZ05WZTRsVVhRZlVoSUR3X0lHLTlFSWpBWUJXMA?oc=5&hl=en-ID&gl=ID&ceid=ID:en
Menelusuri Jejak Pelaku Penyiraman Air Keras Andrie Yunus - Hukumonline,"Tue, 17 Mar 2026 03:44:02 GMT",Hukumonline,https://news.google.com/rss/articles/CBMisAFBVV95cUxOc0EzanJBX2ZHb19WZW5vREtIdTAwSkJGZ181WnFnMDFNWmhOd3h2QXI0ajhyQXhqelRCTGlCRmtHQjFKakcwQThEUlVCcjVVV0QzOUVtVEpOZDhaVXh4aWtYNU5TbjZuTkM2YnFkZ1JyUVJ2WFA5S3FFM09ob0tQVlVjclFQYUVDN1hfWGRpTHY3ZHJiWmlKWmhVc0JpU091RmJXSllWOUFzcnRRVlJrNQ?oc=5&hl=en-ID&gl=ID&ceid=ID:en
Kapolri pastikan kepolisian terus tangani kasus penyiraman air keras Andrie Yunus - ANTARA News Ambon,"Wed, 18 Mar 2026 06:55:31 GMT",ANTARA News Ambon,https://news.google.com/rss/articles/CBMiwgFBVV95cUxNT0xwWFh3ME1GSEZfdEI2dW1UMGpuaG0tazFfc0l1YnNVMl83RGZ3NWNhVUJyOWN2dC11TFBwTjlsTXpZVTAxcE5QNHkydnVUaFI5RnNGNDlORkV6dzhlRXBiWTZxS00zQTB0YnZIMWp1b3lMaU1BbnhxajVTYjR5djVtS3h6MkNOZ0NSRTNMWlpLSmhITkpPTGlFTk1ldjJ4Tm42Rmh3Ti1ZN3VsaFFMcWJLcVFMWUNtX1VBNjFtQkc2QdIBxwFBVV95cUxQUl9KUGdnTTQtTXlmaFJULVAzWV9Xa1FBTUJwZ0FDS2dYWHBoV3ZWZGdOMjBaS1ZlRGJUamFCMWg3QjlxMTQ4RmlpR3U2R3R5UWgxdE1iYUI5bE9RcFZCelduUUJXS3NxYWFQWHpOUGlrMlQtbGU2ekU4eUlYR2lEa3dpYVotRVRKUGZMMHM5NHMxVTQ5MWZKcVZLXzlzejZlLUtJOXNRTHc4Zm1vUXRUdTlwTF9RYk4zMW1SSEZ5c19VbDBmV3Jz?oc=5&hl=en-ID&gl=ID&ceid=ID:en
Komisi III DPR Apresiasi Polri Ungkap Pelaku Penyiraman Air Keras Andrie Yunus - detikNews,"Wed, 18 Mar 2026 10:15:43 GMT",detikNews,https://news.google.com/rss/articles/CBMiugFBVV95cUxNLW9Fb3dKazlkMXRWQk5TMGpKVUVPT3o4VGtOMUdfUkVMU0d2T09MUEN6eFlHRHZYYXAwSExtRk1WMjRMVWxFRWVSbF91SWhLMEhVaEozV3N4MHRiNGJ1c2V2aUhMVnpqaC02UTV3WnJzOUN6bzZBdUhIRnpXTjdXbEt6SmdwX0VuSk9HU1hweURUQkR4aVZTekg1eFNTaFoyM29lMkJib2QzZ2E4X29aandjeC1zR2lzVWfSAb8BQVVfeXFMTXhZenlaYlczWlVZb09IeEgxbVhBRkdac2FtbXV3OWhKeGZFVjVMU1BUN1V4YURPNG1HUmZ1aFVBMl9NSVVPamJZX19YZU1tWU5VYkRIazhhVmJ4a1pZcVJPV21Scm5mRW5mbm9UZ2VvOVc2eUtHTjVZbXhrbmpLZFQwLTdNSi05NHcwRnB6enpoV2FhNmw4dVJVQlF5QUtpY0kyMUctR19KZGVfQmZRMl9PZHhQcC1YN3NjNEVLUVU?oc=5&hl=en-ID&gl=ID&ceid=ID:en
Tampang Anggota TNI Penyiram Air Keras ke Andrie Yunus - Kompas.com,"Wed, 18 Mar 2026 07:53:00 GMT",Kompas.com,https://news.google.com/rss/articles/CBMirwFBVV95cUxPOGlicnJzSXB1NkdGd1RUcG43a3BtZU1sTUp6aVNVTjFaandBd3Rra3laTXpYYlVLMnB0Q3NnODd3N0NMZ1R5dURYS1VlemlYdThaZWt3STZxcmtIZVNIdnRFOGw5Wk9INWJjbmtpUlJxaWx4a0RoSVU1YUpjODJqb1pOb2NlcDF3aThZNXBOcVByTldNLUR1YzRsMlhJN3pEdmkwc3Fvc19Va0xGRUhn?oc=5&hl=en-ID&gl=ID&ceid=ID:en
Polisi: Penyerangan Aktivis Andrie Yunus adalah Aksi Terencana - MetroTVNews.com,"Wed, 18 Mar 2026 09:14:18 GMT",MetroTVNews.com,https://news.google.com/rss/articles/CBMipgFBVV95cUxNRFBVSzFjVlRjRklsTUxQZ2pkZGQ3ak1vak9lbWxTZzA1dmtqN29oeHoyX0gwalZwSDlScTNHeUV4b1J0UGludldSX1FUbjJVZjNCazcxb3NFblVaM0JfLWdQcFI2eVlDQ3lVY09xVG9QeTQ2bXpkeVR2NEk1ZHllc3VRMWlPVDVteUFpcjVRWHdtQTViWFNVWXE2ZnpFSDlnWF9ONzhn?oc=5&hl=en-ID&gl=ID&ceid=ID:en
Danpuspom TNI Pastikan Kasus Penyiraman Andrie Yunus Transparan - MetroTVNews.com,"Wed, 18 Mar 2026 08:10:41 GMT",MetroTVNews.com,https://news.google.com/rss/articles/CBMiqAFBVV95cUxNWUZ4bXBOWmxFbFcwZklMblNoc3JMblV2NEdReVZnZHFMem9Bd2tKamZyOUZSWGREcFpITlh1VHZfUnY4aDdub2QxamJUc1lvbGl3R18xMV9TXzBBQXhkbUQ1anVMS0x0dkZwT0tpTVNSZVAxOUx6T3pXdkRtdmNLU05fSWJ1aW1ldzVZU3ppUE12ZGdFLUlmUGhFSXQxTUhWRmlwQk02X3Q?oc=5&hl=en-ID&gl=ID&ceid=ID:en
DPR Sepakat Bentuk Panja Kasus Penyiraman Air Keras Andrie Yunus - Bloomberg Technoz,"Wed, 18 Mar 2026 10:50:00 GMT",Bloomberg Technoz,https://news.google.com/rss/articles/CBMitwFBVV95cUxPaEItVDVNd200WHNQVEFpeWpDS2lnRWhmbF9HbVFMWFlTWHJTSlgwVUhSTG5CcGZ5a2JPUzhhOTFIVnZWZzZmZzAtY3FhZjZLM1NjemJEbEpzRURSZHFVczY0YkJnVWFCWjF0bzhpN1NreklMcTUzWUU3ajZoVVVDa1B6dnhiQlNXeWRpaFRrNUU3MTA3LUhuWF9oLWJNU0RUSUpCTFJEY3N3VGNhRkNaZTI1ZW1UUHM?oc=5&hl=en-ID&gl=ID&ceid=ID:en
Alasan TNI Tetapkan 4 Anggota Terduga Pelaku Penyiraman Air Keras Andrie Yunus Kontras: Ada Kejanggalan - Liputan6.com,"Wed, 18 Mar 2026 08:27:57 GMT",Liputan6.com,https://news.google.com/rss/articles/CBMi3gFBVV95cUxQdlVxbXJGRWV0X0ZyRlg4SmVkQW1mU0d3SEVlS0VCdVVLNGEtM2FUVXQ2cGwzMDY2a0lZQUkxZV9yNnJ5Mkl6aHlBSkZfc3JTUXdtUGlfSzdfNXM5U19FbV9JRXlPUG9UQUpfRWhSTXlZSnpId3FWSzBUaVVpSFNsUEIwY3pSWVVhNlNack5XMlE1UGt3Y29HRWpYdXByUU1Sem96Z3hoSXUzRElZT2M2QVg3VTFTNFlENEpQdmVnTG1jZEM0NUdfNXFheHNISldyaXdtdW4zX0RBbzVnRmc?oc=5&hl=en-ID&gl=ID&ceid=ID:en
"CCTV Kasus Andrie Yunus, Eksekutor Ganti Baju Usai Kena Cipratan Air Keras - detikNews","Wed, 18 Mar 2026 09:57:22 GMT",detikNews,https://news.google.com/rss/articles/CBMiswFBVV95cUxPOVNHNzNFZHFjTmo0WlBBUTdRM0RJUEFFWW9tNkJXTEJETVpDWXdIM2hvZGtjUEZwU0hsbzRhUzhMYmNFN3BQNEtjZWdfSUZvTWVaUmNlaG92MVNIN29JVmNxdUpCRzNCM2VDOWpSN1llZGlBdUxKYXpHU0ZYQ0JvU1VOZ2lIdmNLWmlVYUgxTjhWUldPMktuZC1uakk1Z1RVcE5ZWW5GUkNZWTBMVzZDTEtaQdIBuAFBVV95cUxQWFJ1V0NsRHVKS1FfcHRCYlh5Tkg0SGRHMU5tdFhvQXkwOGdiWTQycFVCX1ZER2NGalMwQUdJQjI3WTU2WmRvcFFMUGxqUWNGcXh4ZXl4YmNxQndSTWtCMUpacWMwek1pLWhYUEVQYmdGQUxmR20zMzFoci1aZFlwNXA2R1IzR2dvUU1CS0ZkTzJDTF9HWDFkZnkzU2ZvdzNhT0JYTEJxaC1SOHViMjdGZG45TEhsQ2kt?oc=5&hl=en-ID&gl=ID&ceid=ID:en
LPSK Berikan Pengamanan Melekat ke Andrie Yunus dan Keluarga - MetroTVNews.com,"Wed, 18 Mar 2026 07:51:52 GMT",MetroTVNews.com,https://news.google.com/rss/articles/CBMipAFBVV95cUxNOEFTdXltbHlEdjJqeFpueVBNMjNadmJjYlhZNUpLY0puQU4walppdmRBMWMtU1V5WjlIemhteEFlc01ISHNwQ09udVBWdkNKTHNneUtMdlhCTGt4c0VETktOY0lWR194TkNBWW1VdUM4Sk9Ga1hXYi1DT3BTOVBjZDJzT1hwSkpiWUFYWU8xTUtQNlhJbkVCZm9TUkVlb29ZdnkxYg?oc=5&hl=en-ID&gl=ID&ceid=ID:en
KontraS: Kondisi Andrie Yunus sudah membaik dan dirawat lebih lanjut - ANTARA News,"Wed, 18 Mar 2026 10:24:37 GMT",ANTARA News,https://news.google.com/rss/articles/CBMirgFBVV95cUxOb1NMSVk1ZndnSzFpdUJyRkpKdGstWXZDWC1EUjJNMGxBOXUzQl9GQlk5eklPeUhUNGJOLWhXTExKb2NHTXh6ajFxeFI4OS1FLUpRaVRvR0lnM2I3bVBZWHJxaXJhbDhic3FfZnpEXzRMMEtsYWI1T1d1VjdUNkVMZmlKU3RsUUx3c2Vtb0pRR2QxSVcxNEZuQ25sc1BzUFh6STZKUjBxZ3VLWmI2eGfSAbABQVVfeXFMTlM5dFdfaW1sUlZyc1p2Qkc5QnQtWUlpNFpfbC1zR09PSzdHeWUzOG92YnE0VVRIRUpOQU1neGZKYjlCajFEOVQ2MXA2emJVQm1uZUZ1UU16ZGJMZUZReUhzQjZLOUNPUHN3QTVGVlMycmp6b0N2U0VIYWFyek5QMXhFRUlCM2lleFJscFBURzR5LVR6QlpxdTdraGJReGRkcGJZOTFEcFZhNWJVel90ZVI?oc=5&hl=en-ID&gl=ID&ceid=ID:en
TNI: 4 Anggota BAIS Tersangka Penyiraman Air Keras Andrie Yunus - Bloomberg Technoz,"Wed, 18 Mar 2026 08:50:00 GMT",Bloomberg Technoz,https://news.google.com/rss/articles/CBMitAFBVV95cUxOdEZjSEVON3JRWjhscEo1SXRiS1VrUVpsWk5SWjB3ZFVkYUVIWVpPdGFLWms4c1ZwancyT1hoWmVpRHp0d2REajVhWVRjX0UxdlJqY2xzVndtR2E3QnA3bnhRRzJhcXZXSGIxbE9CdzkzU3FIcWV6RmhNUXp1Z1plczA3eXcyLWx2ZThTRmRjY2dLN3VMMTFsUnVET1NabENlWndVZVY0NnBjWGV0a2I5R2xyRzE?oc=5&hl=en-ID&gl=ID&ceid=ID:en
Polri Kolaborasi dengan TNI soal Temuan Kasus Penyiraman Air Keras Andrie Yunus - detikNews,"Wed, 18 Mar 2026 08:44:02 GMT",detikNews,https://news.google.com/rss/articles/CBMiuwFBVV95cUxNZTJLYUFNMnJJcktMODlsUzVJbF82bVZHcC1YT3A3NjZncmgwMGlQNS1PMHBYUEZSVURPVEF0T2xWaGFqZE1GRDJhN2RpdnZOb1AwZ19jSzczVU9ORDhkeEZodXZyb0xyYTRuYld4YV96VVQ0U3NXUTJzcDVMa25jcHJjdFBJWVRaU2FNVXNneDRHUE45THlQRTAxYzNSSXFaQ2VISVRveDlwLW5TYkJyZW5IMmFJRzZ0ZGtj0gHAAUFVX3lxTE1LUmwyUXljUzJxYTVaZTRYY05nbFBMUm1aelpBUWNBV2tXNEVrZjF5TkRrRjFfcG1vU0Y3bWtIOFYtVUhzVlJSdmk3Y29tY2lXWE05aFNoQjZUdDlTWVltalVxVUVmN0dpT3V3ckxSX0FvZWNLSHpkTGFXcElpa3dVek42cS1vc3lWaElDYkxLbFY3OVpCUHVVanAyemFiTzdPZktnN1ltSE80dlRJaWpYSm1pU09pUnBSejRsSXZKWA?oc=5&hl=en-ID&gl=ID&ceid=ID:en
Menanti Janji Pemerintah Tuntaskan Kasus Penyiraman Air Keras Andrie Yunus - Hukumonline,"Sun, 15 Mar 2026 23:20:05 GMT",Hukumonline,https://news.google.com/rss/articles/CBMixwFBVV95cUxPSW01ckVFN25XcUJUblZhXzB4NTRMdmdVa3ltci1JN0RKXzl3dTZnQ0FDM25BUkhHQTVWLUFtcUxTSTlPWHN6T09PSXptMWN4NzlSXzE0RWcxSGpwczJsWV9pcTVvbXhSdXRaY0dSd3BoZHlROTVZZlJqUjdSY1FhcmFHblpEYlRFZVpzU0NxcmRYc0NHdkRMa1ZfblhTZ3l6bGlBekl2bFE4dTIxczROVExpRWZuRWhvaDJvU29fUkx6QURGNUg0?oc=5&hl=en-ID&gl=ID&ceid=ID:en
"Kasus Andrie Yunus, TNI Dalami Dugaan Keterlibatan Perwira Tinggi - Nasional - Bloomberg Technoz","Wed, 18 Mar 2026 10:40:00 GMT",Bloomberg Technoz,https://news.google.com/rss/articles/CBMitwFBVV95cUxNZFdGcXA0ZVNpd05iRFcyd1ZCeEV0ZVJ6U2M3OXZLM3JwaWdOVjhmRVFPb3I1bUdmTmdwU1h6UGlZSnAwdC14dkFpZW9PbXMxYllsenN4eVAtM0VCUmU3Y0dNbVJlQTVPOElrZkNOX1pFNGg3M2REUy1ZZTNYdTJ2NlFHRFI0TUdPT012VzVwd3ZIeG1wNjlwNVpLbXVFeEZGX1RwTGNqSWVMQ19KZ1VkWnpWd2pfMDA?oc=5&hl=en-ID&gl=ID&ceid=ID:en
Marzuki Darusman: Serangan terhadap Andrie Yunus Adalah Aksi Terorisme - CNN Indonesia,"Wed, 18 Mar 2026 10:14:46 GMT",CNN Indonesia,https://news.google.com/rss/articles/CBMizgFBVV95cUxQVkhkYml3a3R1TldyWmlpVExDZ0RrVmdwbFlob3k0V1FGSUR3b3RiRHQzWnVMWkg2SjZXal9MVmhFRGxzTUZrVU9lTndGcWZMSHJhTUxfSmlmallGYkNNTXh1TDV5dklyb0Y2eDlnekpUWUFRaG5aNzRNalRWODBacnZyYllkR2RtcS1UZWRBWVpzbGlMMk9LU3NFc09VYjA2TVVTdnBtS0VwUktNZ216Y0NwVkQ5WmFrRzlrY1ZaaWZRRGNkZ2JPZE82Tlc4d9IB0wFBVV95cUxNOC1YX3VSMk9GcEFnd1Y4NTE1LTJJRzI1ZHRYMnJMS3VpTmFyLUM3Q0daRDhaTng0Y3QtSloyOTZWRG5pNEhBYmdsNjRUbzN5aFB6M3VoeUxOcXBSU3BuMS1hMEdkYjFHMDVlb1RIZ2QwUXlnRGpnMElVcGNnRDhDOVo1Ql9ScjcydlNHbG92MmNqenloekJYM05YMlFTaVNHc1lzNTRqOERZTDNJY2phaW1CT1Z1NUZDcm1xa0dYS0VrMV93V0ZOdmRBdlBFMlBQTW9B?oc=5&hl=en-ID&gl=ID&ceid=ID:en
Breaking News: 4 Anggota TNI Terduga Penyirama Air Keras ke Andrie Yunus Ditahan - MetroTVNews.com,"Wed, 18 Mar 2026 07:49:26 GMT",MetroTVNews.com,https://news.google.com/rss/articles/CBMivgFBVV95cUxQX19RYWg5MnFUc3hxVkxiLWhaZFFfU3BITUtRaUtzOEdqSlVXemxZX2NUYXdELTBZVzQxYmE2RGh2UlJLTlJpNXZCMGxZbEQ1Y3JIdXV6a1N6VHBWOXg4WmxWS3VUTjhPMUV2U0lqV0FQbm5RcTRaNFNkcTNrRExJMmx2Tjd4WkdQOFM0a2dHUFAwUGRTUjBfUFlCSkRJVGpyTkxQSTB0ZzJpMnpJUDl3LUROd0wzcVBhZHJXNlhR?oc=5&hl=en-ID&gl=ID&ceid=ID:en
Polisi: Pelaku Penyiraman Air Keras Andrie Yunus 4 Orang Lebih - Bloomberg Technoz,"Wed, 18 Mar 2026 09:40:00 GMT",Bloomberg Technoz,https://news.google.com/rss/articles/CBMiswFBVV95cUxOZi1JbUZIMVRWcG9yVG1URjdxN05VQkd6TXN1UkVKcko4RnlTT0pZWHVtRjdPZWU0T3Y2a3hRNEU1OHhYT3pBUUlPa3E2T2M2MFduTmJsOUNXZmpDLUtLRU9QNjhGN0VwS3J6dGdpUUxIYng5aTVDY1Z6OFB0dm5ZMkVhUWNDdFNtZ3E3QmZmcFd1a21jaUdoQVVLVFQzWng1bzlIUk9zaVgxWFdYcXZrZDhEdw?oc=5&hl=en-ID&gl=ID&ceid=ID:en
"Mengenal Panja, Putusan DPR untuk Kawal Kasus Andrie Yunus - MetroTVNews.com","Wed, 18 Mar 2026 10:30:23 GMT",MetroTVNews.com,https://news.google.com/rss/articles/CBMioAFBVV95cUxPSzVOM3dpYi1qRnVXQ01SOEtXRENiNUxiWjlJQjd5eFRCOTVUUmxVMmcwVVhKcXllc09fekNkMFNRdUducWFXQ05rbHBtd0t6b08xcUdtaGQ1cUxqaGlaaDZycXA3S1BFem9Xdm1naUtCeFJFWEw5WC1zcjEzTk1Jbzk5Z2t4emNRZVpVVXpfTWFMLVhmNFJsT1JJQm9PTmNq?oc=5&hl=en-ID&gl=ID&ceid=ID:en
Polisi Ungkap Wajah 2 Terduga Penyerang Andrie Yunus - Tempo.co,"Wed, 18 Mar 2026 09:23:27 GMT",Tempo.co,https://news.google.com/rss/articles/CBMi0AFBVV95cUxOMFNsTTJHcElBZ1ZyMU5RZjM5czNNaEgxSlFNd1RyZ1FtZEN2dW5CU19Nd2k2dzFENGtlUzJMWWFPZDQzbm9BWGExT1c0NkNOejR3RGxPdTktY2E5WldLckVDVTB6cGhsa1UydGZUZmpRS0M1NmZNeWlFOHpZMDJ5a3hwNmJpNWV3MW9hS3hUeks1V2VfMm1tSGoyY1ppbXlqSkZtWVphZ2JGREFrNTR1YTRaaVNjVjVsTWc1R29wR3VVV21hSXl0dFVQaEZCOGpw?oc=5&hl=en-ID&gl=ID&ceid=ID:en
"Satu Terduga Pelaku Penyiraman Air Keras Andrie Yunus Berpangkat Kapten, Ini Pasal yang Dikenakan - Kompas.tv","Wed, 18 Mar 2026 09:16:00 GMT",Kompas.tv,https://news.google.com/rss/articles/CBMizwFBVV95cUxQZWF4UGZ6RUZFdGdWNW9lUkN4VUM2U2ZSTW5HYmpiWmplUTNrMnBYSnl0cW5IYXJfX0tXdFBNWjVSbWxTeE1XNy01R0lJS085UE45M21vMWNWSDlVRmotU2dWSjBPZTAySG4taF9PVTd6b1BWN0tzVk1FOEtoTEROSF9TMUZHeEhQcnBtdHFVdXRmOHcxRVQxUDZncm96T0lHUjMwNm5HRmRrSnk3U1owMk5TOUt1bk4zLUkzSF9QcXJqdkhPME1HWnhFXzFlU2PSAdQBQVVfeXFMUDJHN0R1blpxZjJzeEg2amdIMkxFT3RZTDlpZjhscG1XTHM0NXN5NFVjSWZwX09KSHNKakNHVjdwMzRmVWRGUEFILUt1SW1JMzVJZ2s5dFA1VlQ5TUp1Rm5iZGdzSFVoRDdqQy1mcHRKREQwMGVHSkZ3dy1jdUZDN01MQzEyT3c5eVN6c0FXSFNJYVVSMGtpaXRFS3FIVGdDcU83akVqYzVhVS01YlozR3VDbHBWMzc4bjBXQVNuMWRNR0RfYVp0SlFtZXRmbUhLOTNMb2k?oc=5&hl=en-ID&gl=ID&ceid=ID:en
Tok! Komisi III DPR Sepakat Bentuk Panja Kasus Penyiraman Andrie Yunus - MetroTVNews.com,"Wed, 18 Mar 2026 09:40:10 GMT",MetroTVNews.com,https://news.google.com/rss/articles/CBMisAFBVV95cUxNS3JwcFE1Q3R1dmpXM0d6Y19yNVpkMS1sMW81MlFwRkI5NngzcWZwczBSRDI0VGlJYUFsR2ZyeXE1QlZBSGJjcWEyNDVnUjZXcWlhVjRFWGlqdHhlZW1YWVV5STFsSUhjdnlMa2UzUFFCd3RmSVRXdTJHTUp2anNjUGZ6bUk2T2FGWVc2ZUNfOE1kRndpM3dNZnZBUUZXWDhWbXNYdngtUXktaF9zdTJjcg?oc=5&hl=en-ID&gl=ID&ceid=ID:en
2 dari 4 Anggota TNI Jadi Eksekutor Penyiraman Air Keras Andrie Yunus - Kompas.com,"Wed, 18 Mar 2026 08:56:00 GMT",Kompas.com,https://news.google.com/rss/articles/CBMivwFBVV95cUxNSmJDemxPWUlRQ0VSWEJnbGZWMnM1MDNmOS1pVVcxcUNPWTNvUzRhZkc5M3dwNGE0Z1JtcTdIaUlRLVFiWW1SaU1ZS0FjcS1pS2hSTzgxVUpsZjk1aGEwV1VkcTN5RXZWUU9nSERyaTNVT29PN1JEYVRtZXhoelVqRnd6cUJoV0JZYUYwTmlSTlM5eGtxSmJpQml2eDM4ek1Nc0ltSm1tNnhLeURqUTZ4UHhQMnRUNkVZejlyYWtfdw?oc=5&hl=en-ID&gl=ID&ceid=ID:en
Puspom TNI Masih Dalami Motif Penyiraman Air Keras Terhadap Andrie Yunus - Kompas.com,"Wed, 18 Mar 2026 08:36:00 GMT",Kompas.com,https://news.google.com/rss/articles/CBMiwwFBVV95cUxNd2x6bHNodzNmemY0dENWU1h0eEk4ZkhFR3hRNGJqZTVnM0g1bTZ1b0xURXhUWEx3eFBYSkZhSFBDS0g3UVMxRTZHUEM3ZGZ4T0FtbldxSWJzRHcwb2ppbXJzZTNHZGVCYTVVbEJ5enR4LS1GMFA2RFVwQmZ3WFFuWGExT2p4Qk9GS25jOGZuV3FIcWdyTEhmSjJfMlFWSWE5cVhCNkJoSlpkbHF3SmlnZWJQVFk1Q2ExYzRlSVkzWUREek0?oc=5&hl=en-ID&gl=ID&ceid=ID:en
Andrie Yunus Simbol Pejuang HAM: Indonesia Butuh Orang-Orang Seperti Dia - INAnews,"Wed, 18 Mar 2026 10:31:00 GMT",INAnews,https://news.google.com/rss/articles/CBMiqgFBVV95cUxNZHZmVFVUMEFSdjZhY3pJU0hFQzVKOWR1c0ZyU3RnVXFYZmlQTVI4ZjB0SmZMZFp2dFpnQXNqaVlXSkdnTUd6STBDb2dLRnQ1alRzVzFCTGc1bWJYMmk1N1g2cVN6dncwQkY1MWdaRE5MTkRQVTEzTlFZU2Vmd3d3RFdZTlp4LUZYdVVnZUNzN1hWRTlMM1E0cUxNNTRwd2tkbEFxWDJiZ0xHQQ?oc=5&hl=en-ID&gl=ID&ceid=ID:en
"Wajah Penyiram ke Andrie Yunus Diungkap, Polisi: Asli Tanpa Intervensi AI - MetroTVNews.com","Wed, 18 Mar 2026 07:41:25 GMT",MetroTVNews.com,https://news.google.com/rss/articles/CBMiswFBVV95cUxNczVhaXBNUmFqYjYzOTVoNGttN2JpVzF3T2pQM1RKNDFkekNBWXRLc2d6MDM3TGs1bWlBdW03eTJyZDhXNWRwczZyZE9BWUEzX0hZNlk1TE9nWHEtbkxxdHdxWEJ1MjhMRU90bVpnc05PU2U5b3hMNWg3dTl5cUpHNUNQY3dfSjl6Q3JRMUxwYlpRbUZ3NE00N3lQalBxckVqQ3FncnA1YTduLXo3TFBhMV9hcw?oc=5&hl=en-ID&gl=ID&ceid=ID:en
Kompolnas Apresiasi Polisi Transparan Usut Penyiram Air Keras Andrie Yunus - detikNews,"Wed, 18 Mar 2026 07:54:06 GMT",detikNews,https://news.google.com/rss/articles/CBMitAFBVV95cUxQN205bzZudnZGZkhZSGJkX2VDQWFuOTJSWUMtc0luYjEwb3BibHlvSWpjaDFrZzN2S2FpZjBrbGd6WVlTUk9POHB2UnlNOFBEUHVhMDNfQ2tMOFlYeUR0UHM4Q2x2bFREeGMwcVQ5M0NYZVFYTTZON3ZaaldLQnVBNVNYR0E0Zkh5ckxyMlRqOGxISWQ5aUZMNWhWVzFZb3o0ZWxuSUtubWF4Z0FOV19WZmJ6M3TSAboBQVVfeXFMTmpGZnBJLUlGbmJaVFhrbjJjLWNrTUdYaDE5eWtQSGxxazNJWTZQdmJtaVprUlNfR3pCVUtHZlplbi1DZzBQOUdhOVhPcjhFU1FLdVJBX3ZpRGEtdzRYeWUzcF9qaHpFVXJfWnd2WG56bmh3RFpReHU3dzNHX3RkVERaMng5U0wzbUsyXzJncXNqT01VcHVZUUpRLXVzNERsZ0hsU0Q0cHdXYzJxWFZjemJ0SkZhOGtOSVNB?oc=5&hl=en-ID&gl=ID&ceid=ID:en
"Koordinator Kontras Ungkap Kondisi Terkini Andrie Yunus, Masih Dirawat di HCU - Kompas.com","Wed, 18 Mar 2026 08:00:00 GMT",Kompas.com,https://news.google.com/rss/articles/CBMiyAFBVV95cUxOSFpkdjZzU0w2cGxiWmp6NWNMejZXa2R2R1VPOEc2bVZRQktrdllNcnlvQjNlWHdybUFFU0ZIU1dkWFY3Uk9lOTFXNW5adlZPTzVyWm9UUDNiRGJwQzNSTWt2X3U0TXVqQmpaUTZCdDhkWV83VFhWV08tX0dGaEdGUk53NXVva1owd3BLM2Z4OU1UQWV0VFRIT1diZnEzWHBjblBzcUJSbVRWQVVvTUJjVjVxaGcwejhBVGUwTmhQXy1VbTRLSDJ0bA?oc=5&hl=en-ID&gl=ID&ceid=ID:en
Puspom TNI Selidiki Dalang Penyiraman Air Keras Andrie Yunus - Kompas.com,"Wed, 18 Mar 2026 09:07:00 GMT",Kompas.com,https://news.google.com/rss/articles/CBMiswFBVV95cUxOQWVMczhjX3JjeGhXdUhCc1pVa25uWUlkQ2RDeVJXRC10Q2s4LTI5UkhDZVE1UzFlSElmQ1dkNUVkWExURkdGcjdqUFhUTGd6TFFZYWIxeTFVOXp4dVJVbmo5aVdZQ1ZoTkc0c0E2RWdYRjlKLUhFSzFCRXdzaUpKUGlLUDdEY25Da3lJUVgtdkhuUEQ5YWxQTDFCZHNmbjNKR0s5RFM3VER5QWZtb1NoWmJncw?oc=5&hl=en-ID&gl=ID&ceid=ID:en
"Semua Fraksi Sepakat, DPR Bentuk Panja Kasus Penyiraman Air Keras Andrie Yunus KontraS - Liputan6.com","Wed, 18 Mar 2026 10:02:16 GMT",Liputan6.com,https://news.google.com/rss/articles/CBMixwFBVV95cUxQc1RhazZyOFhfbENhanNuVi1qcXo2V29zMFpCd0FlVHVCWDBidk0zS3BzbkhXTzJoSHNGUElmY1lIU2hWZ3J6c1hWd3ZXOFlJSmN1b0VraG9HcXZkemhaVHVTMGhyYV9TV1RqVU14c0ZlNGNNWnNaQWNZRm8zWnRtWWhPd0w2NnBqeFhER1Ryb0FZM1FqaW1uWkowLWdrUVVkbkNfeGxlMWs3NnJxM1RNVkRoRUNtLTJGeE1GSEIyeWs0YVl4RmJB?oc=5&hl=en-ID&gl=ID&ceid=ID:en
"4 Pelaku Penyiraman Andrie Yunus Anggota BAIS TNI, Ini Pangkatnya - MetroTVNews.com","Wed, 18 Mar 2026 10:31:03 GMT",MetroTVNews.com,https://news.google.com/rss/articles/CBMiqgFBVV95cUxNX2VmOGNGcVpheVdDSXUwMXZoYTJLb05WMTFiLWtMRkxwOFJNUW1pdGY5cm1xYWQ0djNOVWxSVWNPSnlieW9wN2U3SldWTG9IQmVRR29wUFRrS3Q1STVlUk85ckhnMVJHdXpSdDJjM09YVnJVbDhkTXFZY2lVTnhVZ3h0OTlORklyWC1xMGZVMjRFLUl1aXQtMEpRcWJZTkNIZUZYZlY1c280dw?oc=5&hl=en-ID&gl=ID&ceid=ID:en
Kondisi Mata Andrie Yunus: Fungsi Menurun karena Air Keras - Tempo.co,"Wed, 18 Mar 2026 07:04:43 GMT",Tempo.co,https://news.google.com/rss/articles/CBMimAFBVV95cUxPY2dhdzVERWQxNzluTmtfbUt4ZEFuU2V5cXBmOEp2UVVSckMzbFhPaU5RNFdlWnJkcVhJNnluYWpKZlNCWk1hQjBXNFBmS0psRXo0OVdWVmdnQVNuN3A3QlJheHZ3NDdXVERzOE5OVE1xNGp3MTlCZFctTXlnRS0zQVVCcjFfSXVrZXVyeDI5dnNsZjQ1d2FRZA?oc=5&hl=en-ID&gl=ID&ceid=ID:en
"Endus Operasi Besar, Koalisi Sipil Desak Bentuk TGPF Andrie Yunus - CNN Indonesia","Wed, 18 Mar 2026 10:02:57 GMT",CNN Indonesia,https://news.google.com/rss/articles/CBMixwFBVV95cUxQX3h3cHhYQ25aekN5eXFsTkNkQnFVaE1iT25Pd2M2T3BlWWo4WGdIY3RWTEw5ODJRQ0NXM0xPMUh6NlhDcHU0R0pDWEhpYi1wN05EY2dheDhuTWowMlBiNkd6bktSOElZam91aXB3TWRXT3lzeDFpNHlQVnZVSm1RVXZGZWhycUZnUDRwSVByWmYzcXBaTUhiOUMzQ044YzNoN0pJM1R2NDEteEVKTXlzTXAtT0plbnl1VXpCSW11NkdodF85bHBB0gHMAUFVX3lxTE8zYzhFOE1zc21mV2JfY3lnSk5zNEdtWTVRNGIzb0M4OWFaMklqSFd3SERTMXB0cUpCdnQzMHdSdWZhc0FxMFhILWVEN0JvaElvd3F3aXB3ZGVZYUxXWk1ybEZVTFlBd0p2anJtUVNIamYtSWlXQ0EtWGZmTU1ZVGJQbXhtRlh6dmpBZ3lwNkVFZ2ZUMWdsbTlwSXFKSndhaWtGVlRfUHhCRTdwQnhFV3ozWnVPZzF3MW9FeGZ6SHNRRU4xcUctcjJjeWY2UA?oc=5&hl=en-ID&gl=ID&ceid=ID:en
Komisi III Minta Pelayanan Kesehatan Terbaik untuk Andrie Yunus: Harus yang VIP - Kompas.com,"Wed, 18 Mar 2026 10:22:00 GMT",Kompas.com,https://news.google.com/rss/articles/CBMixgFBVV95cUxPUmZPamJlZ1NmX2RyUmdhYlhYTXdHQXhPTWpfT3RHY0pETXUweWtFbV92bkphZi0wOVA3bmVMeFdrc0RRNncwZzFkakU1WGlDR01ORlhnWjJwVU1NT3lLUjk1eGlnQjZwRkt2X2p4ZWdOX0J6VDF1cFUwY1ppaDZleWtSbXJ3c0dRSlU3LVV1UlRMTmJYcEduMTlnVHRweDZmYmwtNlFyNmdOQTZCQ2RZYkhtUFJIMDBaQ3k1S1JqNU9fa1NZV0E?oc=5&hl=en-ID&gl=ID&ceid=ID:en
"Pelaku TNI Penyiraman Air Keras ke Aktivis KontraS Andrie Yunus, Siapa Aktor Intelektualnya? - harianfajar","Wed, 18 Mar 2026 10:21:05 GMT",harianfajar,https://news.google.com/rss/articles/CBMiyAFBVV95cUxORWtMSzI1ZjdqdUhocXQ4SF9yWnp3eFhqNkxFZzF5T2ZIbHZaTUlweGVkVFlFTGdTaDllNFBTSFRuQ0VXOXRYUVVkTENwQTJYaXJuMk9qSHpkTDl5RExycWNhblZkeUpuN1VoYVRQYWw1M29uSHVmRlZhYzZrOVg4Tm45TTZQTGN2UjNTVW53QkF6eDAwMFZNQjRjR19aSEhLYVpsWlZibnhjM0F3VjNiQ2xrRC0tQmt1bC1wN2JGeHVhVjVkZUFoUA?oc=5&hl=en-ID&gl=ID&ceid=ID:en
KontraS Beberkan Kondisi Terkini Andrie Yunus - Liputan6.com,"Wed, 18 Mar 2026 10:51:59 GMT",Liputan6.com,https://news.google.com/rss/articles/CBMikgFBVV95cUxNWmdIeWdBS0lmLUZnMzh1ZDZfRlRJN1dCWFZISTFvZm1qeGtxSDBremtZWUFoZ3BhQXp2YWk5TlliZENGbGFDaHVkUEo4YmJsazF4a2JfemM2XzhodXBKSGNKQUUyaUNJNHZkdmJuTl9yNTNlY3VWQ1NtQ1E3UzZIVjZJWEJpNnhKdzZaME8zNFlMUQ?oc=5&hl=en-ID&gl=ID&ceid=ID:en
"Kejahatan: Pelaku penyiraman air keras terhadap aktivis Kontras Andrie Yunus 'berjumlah empat orang', kata polisi - BBC","Mon, 16 Mar 2026 11:34:23 GMT",BBC,https://news.google.com/rss/articles/CBMiYEFVX3lxTE9VSU1BTHJUbmhVS1BIODdOdTNCVTZLS3lYTk5xYkJ4SUl4UF9pRWxuT0RiaXFGdWd3ajBSTmVFa1VhellSajVjbEtzUEttVnFrREVwUW8wRUVOekxqd1IzS9IBZkFVX3lxTE9BMG5VVXJGQU5DYllwTHFDaHVEZVplalU1cHAyR3dIQkFsblNZSmFKNVpxM0dENllZYTFfSE5QV1NPMTdDREZUZmJ6VDdRNVR0V2JCVHFSSzcya042RmVOc0pGUnI1dw?oc=5&hl=en-ID&gl=ID&ceid=ID:en
4 TNI Penyiram Air Keras Andrie Yunus Cuma Dijerat Pasal Penganiayaan - CNN Indonesia,"Wed, 18 Mar 2026 09:23:20 GMT",CNN Indonesia,https://news.google.com/rss/articles/CBMizgFBVV95cUxOWFo5RlAtM3JHYkdjT0Z1TVI1Y0d1aFYzbk9RX3A3aVVWak9KQmNYa3ZVYnhFT0hHSHRMT1NIb2hHRGU5dldzU2pqMHFZTVZ2NlFSQ0dpUHkxVkpHY1djUmthby1GRGpTOGtIWkdxM0k1bG1UOXdqZnU0WUhHdFNudFl1Y1VINDAwQXF3Vy10ZU1uZjBoMGdKV1ZMYmhKUUQ5dTU4N0x1VnhMUVJFaVZfZGJYMTZISVRDTDhLOWdsZW1PM1NIOE9VeUxjeGcwZ9IB0wFBVV95cUxPcmhIMXVMck5iRXNJTFNHMnNNb2tjcnFhQUJkT25ZUnRUQmhnWkV5aU5UUnpWaW9uNzdFNUpIazlmUDBtU3lBUWlwdWFUdUx5QXlzNjN6STJaOU9nS2V5eS1IR3dPYmIzLUJCN3lPZXd1UDl0RTVBMWVRODdWRE5jRHlNVkE0dmNQTl8wSElqdTlFWVlQd2JNMkt4ZVptTy05cUJxXzYyR3hlRXhqUGNNbDVWQUpSYXBSRHdwNUdzbXR4cFlHWGFrVUVWTmY4aGlSQURj?oc=5&hl=en-ID&gl=ID&ceid=ID:en
Habiburokhman Apresiasi Polri Serius-Profesional Usut Penyiram Air Keras Andrie Yunus - detikNews,"Wed, 18 Mar 2026 07:49:12 GMT",detikNews,https://news.google.com/rss/articles/CBMiwwFBVV95cUxON25KejctWEktS0dCWGZZeDdYcTBhajRteUt0QUQzVHh5dGZ2MElQNFFlV3FJaXhjLWxaclltTHlISTV1b1VXOXI0dGxKRnl0MHdsYW9ZT2RWMjU2R3FBWVVjR3ZxSnF1WEJSYl9XYTFtR3ZjLVNoN1Q5eXBxb2owYlo3TDYwYVdCWk4tMV9VRkdJZGc3dEYyN3RzOVNuZHdFTUw0TkpJdXlCaF82WkdxclR4TFNEXy12TVBZazJSOG9tLWvSAcgBQVVfeXFMTmVBWHlQcThsUURqaW9rbkNpMV9jOGVrdVZpTjlwaUFET2FxRVJXck1maGlYS3JaR3FqZnBiU1NmVDVnVU9pU25OUEpLdHNDVnNiREIzWW5vV2VyS1ZVYTlRcXlBejBwU2hMQnRzRVRpVDJibTA3d2pRV1hsRWJ3cDF0dlFVajQ5aGtkNGNCcEdjQTN0djhLNWhUWVZ1ellCUUtST0otVkJYTHdiSEI3V0ZSWHVKZVRyMWpjRTRKeTFzbUwyb2cxM0M?oc=5&hl=en-ID&gl=ID&ceid=ID:en
Komisi III DPR Akan Bentuk Panja Kasus Penyiraman Air Keras Andrie Yunus - Kompas.com,"Wed, 18 Mar 2026 09:51:00 GMT",Kompas.com,https://news.google.com/rss/articles/CBMiwwFBVV95cUxPV1JOQ1czRzY3ZWRlN2NGYlFfdEtnS2t5SEF6Uk15aVNqRmV1ei1IeWlmakZwaWY3b1Jocm5FSmxDb3RaMDlLNFJoTVhpZU11ektxVHl0Z2Zxeld2bW5iSnVEeW5NaklHQmJkV0pzSFJEOUdPSkNmMnIySkxBakMtNzA3OTh3cF9CdlVpX3pKX05QeE9SbHl5VGxiV0FLbnVZdU1SUGFZZng5U0FqLTZXNjBYZlcxYzVJczFGb3I5OXZPQkk?oc=5&hl=en-ID&gl=ID&ceid=ID:en
TNI Ungkap 4 Prajurit Terduga Pelaku Penyiraman Air Keras Terhadap Andrie Yunus - Indonesiadefense.com,"Wed, 18 Mar 2026 08:08:00 GMT",Indonesiadefense.com,https://news.google.com/rss/articles/CBMirgFBVV95cUxQZm95TmthUWpOTDRwVFhucklHSmFwNXczZnlyaGxXVmdqejczMmNORDZGMDZDNWFhanZmZW43MGVRTnpYTFRoZzFqanJuVzVJX20ybFRXY0g2elRWS0hCYnlfQVpvRnBuU2V0NlNHUE5uTFZHaVZsSDZyeTNMMTBCa1JfQVAwajl6N2l3Q29oXy1nZzlQZGljNnY0anNLQUhvOHd3eklCLXozczk2LUE?oc=5&hl=en-ID&gl=ID&ceid=ID:en
"Terekam CCTV, Momen Eksekutor Andrie Yunus Menepi dan Lepas Baju Akibat Terkena Percikan Cairan Berbahaya - MetroTVNews.com","Wed, 18 Mar 2026 09:17:23 GMT",MetroTVNews.com,https://news.google.com/rss/articles/CBMi3wFBVV95cUxNeHBwcHBLajVuVUh1MUdKbjR5eFVMT1ZBcnhTT3ZpVXJ6U2Roek4zUXE5QlFlanlBOVY1V2h5WWY3cTNidnpaR1ZqdW9YM2lqd253VVJQb1c0WGxzM29pNlhJcVNCMTZxZ3RjQldkTmJ5Z3JvQ1JzRkdFSzkyajBDN3JMWDBxYWt2XzN5YXhKRThacW9MV29qcVZEQjJzdUZnNXloQzVoNG4ySElSdHI4NllfWkNoN3NWLXhqcnY4b1ZtNWtHbEVxTlJWUG1DVUFxeXNiVXdQc1ZyTHVwekpz?oc=5&hl=en-ID&gl=ID&ceid=ID:en
Kapolda Metro Pastikan Usut Tuntas Kasus Penyiraman Air Keras ke Andrie Yunus - kumparan.com - Kumparan.com,"Wed, 18 Mar 2026 10:20:00 GMT",Kumparan.com,https://news.google.com/rss/articles/CBMiwAFBVV95cUxOY2F6TS1ZalRVRjZ6WWkzT1UyYmxIblVwVW9aX2Z3RGh1eFZZNC1sdElUb3VnQUR2dXFKUUsxUDlfUlEzblVGTWNYZVdFTDM1aURrVFJlYUo2cXNGRmFtSzNibEI1Mi1sMUV5UFM5U050bE5OMGxNRDA3aEhhV2RtSTQzY0M2NzQ4YVB0enJOLUVodlRsb09CVy0zaXBTYkFYbFlRZUQ3ZlYzS0haZWEyMFRsQ1FlelNxMkt0ZXpNeVLSAcgBQVVfeXFMTThueHNvQmNZVzNtamR1YXg2aVBZSWx4cHhzRnJHNktWZW8yd3l0bHI3VUMxWHR3VDludHJlb2dRekM0ODBDZ2RiRHhDWWZWV2hjVjEzWmNsdnpBZ0hqMnF1Yi1rS1BkZG51c0liU2QxajB1eDA1N3VHQndXMTlfUktqWmZiNFdVYTByTXBTcEttVi1SLXNkVkJCRk5UZ3c3RVhPMXE1Y1I5NVZlU1JGU0FjMGRHLWQzSmloYm9pX1hsNjJ0YXEybmY?oc=5&hl=en-ID&gl=ID&ceid=ID:en
"Aktivis KontraS Andrie Yunus Disiram Air Keras, Todung Mulya Lubis: Siapa Aktor Intelektualnya? - SINDOnews Nasional","Wed, 18 Mar 2026 06:57:51 GMT",SINDOnews Nasional,https://news.google.com/rss/articles/CBMi5AFBVV95cUxOUXEtN0U2aW5tMENkam5NTFY1ak5JYnltTGpDZ09TV2llMWZjUVpwdUVmY20tbi1MUTdMTTI1ZmtpOHQxNmZ5YkZtY08wbVc1Q3lDNTdZMk1US1YxWmo0MmJKLXRGWGQ4djRzNjhwWXJUUG5rS21jZHRsZERpYUJhX2JZZkNBSzYwUUpoa1hSOUozZGh4YWo1blFDMGI1SXZsWV94dnFiTXFUMnFOUlBCS3hvQ3dJLTM4VVVaa05sSWI3Z1BqV2J0b2ZtTGhLUzBmemZabnZSVVJzSjcwVmFFMEVJYUjSAeoBQVVfeXFMT1E3UlI3cmNmMW1OS2x2V25UbmVKbXRfcDgtN0J1Tmh0dlJFR2l1WVFpdHBvMUhoWWtRenZaYUt4eXB4Rl84aVJGYXNJV0JDN2Q5bGFwZkN2SERubjF0T3c3OHFaa2V5QVROYjltWUR5QnFyYmY0VXlObUxDS2o3VVdkaXFnVnp0SE1acFJvS29jTmFPc2YzbEdCX2RJSUsyeG1vbDdzcHhIcWtWTjZ5cWVvN3BFODVJeXc3ajhqZnNDOV9scVgydmU5TERybEpXazRVYmtFVEZvRDNlelFtMmlUVkVncmg2aHV3?oc=5&hl=en-ID&gl=ID&ceid=ID:en
Komisi III Minta Polisi Tutup Celah Hukum Pelaku Penyiram Andrie Yunus - MetroTVNews.com,"Wed, 18 Mar 2026 09:45:42 GMT",MetroTVNews.com,https://news.google.com/rss/articles/CBMisgFBVV95cUxQN3FpMGctSS1LdFFEajg1S2djekgtRGFwVUF3THQ4dnhXN1AxeTUzdzdKMnlIdXkwYnhiSU5RSGl2Y1RQNXRHSEs0N1otNnhSb2FybWMxY3E2MlhIdVZLRHdzWktKYTIzWUhwMC1KdlE4aFVlSG52OEZHRlZPRHQwcUZxb09Xb3N5dkE5ei1WSkNib3Z2SWpKa3dtZGs0S1kwSmlSMEJYLTJFbzZMZlpRS0dR?oc=5&hl=en-ID&gl=ID&ceid=ID:en
"Identitas 4 Anggota Denma BAIS TNI, Terduga Penyiram Air Keras Andrie Yunus - Kompas.com","Wed, 18 Mar 2026 09:21:14 GMT",Kompas.com,https://news.google.com/rss/articles/CBMiswFBVV95cUxPblhIN2d1NzNBOHBrVktaSDY0V19hbHg0TndNSEJlTGRXcHBCVWRYV2V1OHZrZ1VycWl3S2d2R2pjOExxb2wteXpyWW1mNVFiRmtHblNsUzRwVGE4Z0NxQWVFR2hrSUxuXy1YbFdScU9ESEFOZGxzaTFXWThGck1xb21kcDliNlFMR3RaazRBYmEzRi1XSmhLcmRPTVhpNVExWjUxNHBLN2Nva3hRRkJWZmJGQQ?oc=5&hl=en-ID&gl=ID&ceid=ID:en
4 Anggota TNI Pelaku Penyiraman Air Keras ke Andrie Yunus - Kompas.com,"Wed, 18 Mar 2026 08:35:30 GMT",Kompas.com,https://news.google.com/rss/articles/CBMinAFBVV95cUxOQzR6ZXRGOU96ZVRSMUVCMGlxUmxSdmxPMGhYZnJmYVVMRmo4bnViMGFyMG56WHBOb2hwMTJIRHdraEQySjFXZFpQczhyYkwwVnlnUVotU1BaaGJNd0Q3WXBxYzZJMUhCRHdXYjhleEV2ZncydW1Oc1hzQjNaT1RSdEFob2FvdnYzanlzT1p2bnZjc3dZdi1jdGNqc28?oc=5&hl=en-ID&gl=ID&ceid=ID:en
Polisi Ungkap Identitas 2 Penyiram Air Keras Aktivis KontraS Andrie Yunus - Kompas.com,"Wed, 18 Mar 2026 07:24:00 GMT",Kompas.com,https://news.google.com/rss/articles/CBMiyAFBVV95cUxPdmlJbjFfeDlSTDBEYTVES2p2WFI5WVhjSVJITW1CM2NfQVRYb1BrTmo5dC1pel9PeHVjUjJFS1ItY25XZ1VWUjJnX1lHZ3FDNktfTjlpV3VpODFPV2ZUaWdfY05SeGNLR0tiYjIwYy1fdHQ5RC04bFFlWW5JWEo1Wnd1MDB0RTA4ajN0M2NQLU1ETnc4SDlieERFUDUwY3JZXzBpNWpqZVY5UFFwZUJCLW05RmVzSHhJZDJCaWlNNm1rbHBEalAwOQ?oc=5&hl=en-ID&gl=ID&ceid=ID:en
Puspom Amankan 4 Prajurit TNI Tersangka Penyiraman Air Keras Aktivis KontraS - detikNews,"Wed, 18 Mar 2026 07:16:45 GMT",detikNews,https://news.google.com/rss/articles/CBMitwFBVV95cUxQUHFyX0FDQ0xMc1NsRnQzZHNudHJBSTBWWGxRLXJqZFVSWk9GQVozYzBBMGdEU2htSHo2MFdrMF82bFR3MDVaeFI4VHhhSU9nUFNxY1pmWE5ScXNfMkZSdFprRTY2S3l2S3lnXzZyMy15WV96dldxVWEteEJiYndBVGFHcTNlTEVFYXozZDFvNG1CX1dGSk1lTlM2MmJub2V0dEVCS0wzeGIyR2VBZk5Id09VcWdOQ3PSAbwBQVVfeXFMUEM0REJjN2dWMHFHUnFxSklZRXBuNXF6UjhIVlJlTGNyMVc5aUQ4Mk5Tbk5YUmF3MlczVkFaWG8weWx6ZW1wdjNZMXZDeFdBdFVzRXhFbEF3X0RZUnk1aWt4UFdJZlBOWmtKZE1xZi1jbE9Vd0JFR0JvSkNSUFhaN3kydGRoaVF0d0ZZd3lxSy1MV1dUZG9sbFJOYnlNajNTZV94aXB4dmd4Und5Y1BKZ3FUcVRPRzlyeTVIUGY?oc=5&hl=en-ID&gl=ID&ceid=ID:en
Serangan Air Keras Pembela HAM Andrie Yunus adalah Percobaan Pembunuhan Berencana: Penegak Hukum Harus Segera Usut Tuntas! - YLBHI,"Mon, 16 Mar 2026 09:01:00 GMT",YLBHI,https://news.google.com/rss/articles/CBMi5gFBVV95cUxQMDZoeWFXT2lCTjJ2YlluZ2JKalhsMEJHNUhTUlRpLVY1TmVJRjVQanF5RjFvX3ZMZzkyNVVZdzdvN094c21yVEZ5dFdsdkhCSUN3d3gzRmF2WWxlM1RnZEV4NWZRU3hVNXJ4VWRxMHRxZ3VwdTU2Z01lcUZSNkFzWmp4Xy1yTmRmUW1TUjhnMF9NWkZJQTJQMUpVejRySU1STGdLN1B4MFczSUd0UDNrWC1VOEhXM2daLTA2RW5seUV1LXhtWnNXTTJZaC1QMUtWVFFmME9kbENoUGRHVUI4UkdXV0VJUQ?oc=5&hl=en-ID&gl=ID&ceid=ID:en
Polisi Rilis Wajah Penyiram Air Keras ke Andrie Yunus: Ini Bukan AI - Kompas.com,"Wed, 18 Mar 2026 09:15:00 GMT",Kompas.com,https://news.google.com/rss/articles/CBMiqAFBVV95cUxQVjRyWUlVcU9fZUdLX25fYTdycnRqNm9mR09IMDdoQ0tKWEdmTC1BT0FyRW1NRlFicm9MSlJOOW1yajVYZUlpMU4zR2tNa3paT1NBcEJDX2RfNm9xOEs0NUgtcWVjQXdVR3Qycl9KdnRLOWRmVFU4ZTgzUEFWYVVDTktCaDVIYmt2VVZERmx1aVBNM2xoNkhVV0pfeVFFaTdXS3kycjFwbmY?oc=5&hl=en-ID&gl=ID&ceid=ID:en
Polisi Ungkap Identitas Terduga Pelaku Penyiraman Air Keras Aktivis KontraS Andrie Yunus - Radar Jogja - Radar Jogja,"Wed, 18 Mar 2026 10:48:08 GMT",Radar Jogja,https://news.google.com/rss/articles/CBMi3AFBVV95cUxQZGhPSGdNdWFCYWVtY1I4VUV5VURZX21JWUFsWmd5T2lCeUw0eUFRTEFITTFQX05VbjhWdDMtNXNIMVZ1c3VMbThFa2ZJeTlaLTRheWRjQ2daTVZsT1pTeElNWEM3Wm5PSldEUVZ4N29BUGJ2NlRQZW54RVJUc3dKVGFmQ05DSnpiVy10MWhDMUJ3NUd4Mm42bWNVdTl6Mng0UmF6bXNndkhOM2J6dVRZOTlkOGlwQklmTTdWQjJ3ZTNWU1Voa0JLdktuTm05QnIyNWt5YzJEMVh2bVJX0gHiAUFVX3lxTFBrdkg3VUY4aHAwemdRY3lDMWRmZE1ib2FZcE1HcmxQSWswUXFsNXZBUzRxWVFSZUV4QUJyNG9VUGZQVVhVUDV1OUtkUTRpWEt2eFdqYmJkcDJEb29naWlwOXBCcmhBcFhXaGVkSlo1amJpYkdvLXpscF9GNzZfRVFFTTVZZjdZX0lNeDA5dzFqMU5SZWY5Yjgyd3hDSS0yd2hhdFlleng5ZmhYeTVHaEx0QVlUWU9vZ3NTcDE2bU9QUUxhRG1RaWRGSERMVHdVTk1GQmZHS1Z1U1NyRGo0c2hiMWc?oc=5&hl=en-ID&gl=ID&ceid=ID:en
"4 TNI Pelaku Penyiraman Air Keras ke Andrie Yunus, Komisi I DPR Yakin Bukan Inisiatif Sendiri - Liputan6.com","Wed, 18 Mar 2026 09:21:49 GMT",Liputan6.com,https://news.google.com/rss/articles/CBMi0AFBVV95cUxOMjd4aTlXZFhWdTk3YzU3aXh6T01GV0tvVnNHaWU3OWJ6LTBnZnIyaXEwNUpSSWdyaGY2TzJnbkUzbThhZGc2VldjeWtsbXN0VkFiNFU0RlN3ZTc1cGN6RmxaNG9XM2EtQWxFTjFRRzNGNWhUTGwwYzlzeUM2dUNldEJ1Y0UwMEc0aF9uSTY3S3Jwb2RxMlZmSVJzTXdvU2xVVzNUYWNNS2o4ZC03RTMtd3BQOTZNenluLWs3NGFwaEZuVGx4ekhXVkNfLU4wV2Zw?oc=5&hl=en-ID&gl=ID&ceid=ID:en
Kasus Andrie Yunus: 4 TNI Jadi Tersangka dan Resmi Ditahan - indoposco.id,"Wed, 18 Mar 2026 10:06:55 GMT",indoposco.id,https://news.google.com/rss/articles/CBMilAFBVV95cUxNVlU0NVdUWFI0M25LVzRoNWhHVERTLVgwZDlmcjFWcHFNMnJTOWtFRzlRYVlzTE5WMm0wWnYwZEo2UGROWFVJQVd4c3RBTkpOdy1qRVN5VmNDS2VrQWJDV2NNNklFTWJ1elZwaEpHZ0dMODdVVS1OZlgtdWU5UlRsLVFtNlZlM3psUzFNVW1FZkNkTmpr?oc=5&hl=en-ID&gl=ID&ceid=ID:en
Penyerang Andrie Yunus Kemungkinan Lebih dari 4 Orang - Tempo.co,"Wed, 18 Mar 2026 10:49:35 GMT",Tempo.co,https://news.google.com/rss/articles/CBMikgFBVV95cUxPRHZpQlhMYkpzLVRfdk42ZDhvR0ZxeHh2NXlBRFpFNU5ycDQwcld0blRYTXZwRzhFMDlpZXh2STdHWktnU0drczBuMnh4U0tQNE1mR190VkJhZFRLOHdYdEJfTWIya29rbkNFaEtLYm5odDFtTndqd3ViY1ZfVXNvTVZUYVZFaW5Sd0NGaDFoX0FuQQ?oc=5&hl=en-ID&gl=ID&ceid=ID:en
Jaringan Gusdurian Kutuk Penyerangan terhadap Andrie Yunus - Tempo.co,"Wed, 18 Mar 2026 03:14:35 GMT",Tempo.co,https://news.google.com/rss/articles/CBMingFBVV95cUxPY1QwZW12ZU8xTWZVQ25MRU9FeXU5M3BwZ3dJTjkxWm1GSG0xZWtwM2drTUFmM2tYZ0RfRDJvM3hGVXRKYm9nTEZKVVZXd2x4cEU0dWZLMDBNODQ4bHRwU0p5cEF2a2syV0FDd0pvWjVGejlHaG1FNFRzZ1Q0akNkLXNuVEN2bzY3MWNNNXhSX0Nzb1M4OXZiOVhmbGRzQQ?oc=5&hl=en-ID&gl=ID&ceid=ID:en
Tok! Komisi III DPR Sepakat Buat Panja Kasus Penyiraman Air Keras Andrie Yunus - SINDOnews Nasional,"Wed, 18 Mar 2026 10:47:13 GMT",SINDOnews Nasional,https://news.google.com/rss/articles/CBMi0AFBVV95cUxOaGFpYnFfTG40dXZ6MTZfR0xLdWd5TkkxQlU0RHZ4MUY2REg5M1YxY2VaRkZ6WUZGeWY0V1UtTUg3d0ZqR2FyRFVGZURfNUpXRVl6RDdBV3pPalRRUnYzNEJDVnNlRFlETm5rcVBGa1RVRGtfaTVTczZOTm14anZKZFgxMWZuZXduVnJ1YUIzR0N0aWYwSmwzYWMtZ1ctZ3NHYzJBZ3R4TEI1UmxjakNvbE1GUENPb3IzY0ZWN3UzMmt6N1ZDWVphX3dSTTdUVVFD0gHWAUFVX3lxTE9GTGpYcDI1Ync1dlJEY3Y0UXdvVTdMcE9tNnE2b0pWN0ZtT1ZFS0tNSDJtSFFoZ21WcHZyZXV6TW1ldVM5VUVMa0Y3dTFMUC1aS3BqdlV2ZW5rdHE5a2s0eW12OVhlRHlYal9HOTlrVDNkSXdaQnFTSE1mVm10X2ZsX2JJZVVYc0RMN1RHMmlVQlRqSjJ5QTZhQ213UFFLYnUta3NtQTlhT1VjTmFOYklnb2U2LWdWZnJOQXRCMGw1Z3ZlenpEOWhnQ3hZWFR6c1pvazFHUmc?oc=5&hl=en-ID&gl=ID&ceid=ID:en
"TNI Dalami Motif Anggotanya Terlibat Penyiraman Air Keras ke Andrie Yunus, Termasuk Ada Tidaknya Perintah Atasan - Liputan6.com","Wed, 18 Mar 2026 09:03:16 GMT",Liputan6.com,https://news.google.com/rss/articles/CBMi6gFBVV95cUxNN24tcFMwYjBXdVd3YjF3dVhLZzZJUS1DdHduWmdaNWtyUGJoMXpGb2tuU1RfN25lMTh0endxOWx1NENjSjhlbW9CN19ISFhQdUVmbXlkMWFmakpzNDVacjV4SDl5S1lxbmJVUkxpQ2w5d1djVzJSVzd3czhrSTJCcHRVVkFkNWl5MW9vVWtUZ1pCaHJWVWxQRmhfbkRDUnhnYWU1ZVpQSWFlRDRlbHRVRHQ3blAyQjFFX0paelVyZ3ltZ1V0dFUydENEYWRUSWZjSHo1aXBPeS1pNjlXUFlQa2xvVEtzcXFPS0E?oc=5&hl=en-ID&gl=ID&ceid=ID:en
Pelaku Penyiraman Air Keras ke Aktivis KontraS Andrie Yunus Ternyata Prajurit TNI - Berau Terkini,"Wed, 18 Mar 2026 08:22:07 GMT",Berau Terkini,https://news.google.com/rss/articles/CBMirAFBVV95cUxQYzVCNjgwNFl2MWVkVEUxd29fcWNRenUtUU56TkZRc05nMzV4ZXRHdHNjQ1U5X1VXZ0t2M2dCMVZ0UTZDMjlMd3owYVQ5ajBBci1LdjlZYzIwUXpZRXVISWZsU21ZTHVsM2VvNTJCa3VxSHJ3ZEdFbXFJeVdCVnBRY3NvbnRCVVJ1OXdUMTlHS01jZWpwS01GNWJwZmNDWlJCS0Y5dk9pdFZkcEZM?oc=5&hl=en-ID&gl=ID&ceid=ID:en
Polisi Duga Pelaku Penyiraman Air Keras ke Andrie Yunus Lebih dari 4 Orang - kumparan.com - Kumparan.com,"Wed, 18 Mar 2026 07:32:00 GMT",Kumparan.com,https://news.google.com/rss/articles/CBMivAFBVV95cUxPRzlnYW9YV0NnenNkblQwMDNxR0ExSmZRdGJJQmNlRDlxMkxCRk5Jb3NvZ3lDN3BqOHIwM2VWaDJRS2RqUThwVjhaaXJ4MUdDZmg3aWNyT283LWFpUGgyQUFkVXl4VzhVZ0tIRTF0N3hTYkVtMWJDdmE3RGdDZEpTSFdDOGp2SF91RGFpZHdvY2tWdkd3NGdaZHJ3b3BmMzZZSURFTU1IZzRyUnREM0llZUdGSEtzOGlhby16Y9IBxAFBVV95cUxQVU9sSmRPOWF0MHZ1eTBsWWV4ZnBmbW5mQnMxTF95X3N4UVhzMl9ta0kwZ1V0MzRQVG0tRXpldnZfeXpTNnRSeHpxV05JWlB4amt6VTB3UjlkX1hyNlBPTVNOV1N6b1FZYXhqYjlfN3R2UnhUcmR6dHlZd3JUUVJVdmh2ckw0MWlBNU9JdFl1cUxCZDFrT3lwaUNhQVFlN3RucWR5aFZVODl6SktGYnNPc3RFdjNfblZYSmRHSE9KS3JPcTNv?oc=5&hl=en-ID&gl=ID&ceid=ID:en
"Profil Andrie Yunus, Aktivis KontraS yang Disiram Air Keras Usai Podcast - periskop.id","Wed, 18 Mar 2026 09:07:37 GMT",periskop.id,https://news.google.com/rss/articles/CBMirAFBVV95cUxNZm03djIxbnhsYnhVZVdzcWpMWWdGQkZBanViWGpGZGhxMHNhQVpvMnRpQmdFQzNzaTMyVGctUngwTnFvT09OMEpPVDBoTXpMNjFqWlJQLUFBUjJxYnRXcGFpLUt5aU1HN0czSVdkdzA4aHdiOVBOZjRhM29uRm1XRFN3MEJUN010N1loUXNHaXRzbGVBNHBpU1FINHRoNWxfNmRyTVNwMG5YTTJh?oc=5&hl=en-ID&gl=ID&ceid=ID:en
Polda Metro Ungkap Wajah Pelaku Penyiraman Air Keras ke Andrie Yunus - Kompas.com,"Wed, 18 Mar 2026 07:43:42 GMT",Kompas.com,https://news.google.com/rss/articles/CBMiqwFBVV95cUxOV1dHNnhNMjRTOWJEWC1NOTBkTGFCVlZDaS1tVFVKQ1QxTHM1azhBaFM0NER1djk5cEE1b1VJMWJYZUlrX1MzeFhqU19FbkRORTU2VkpCekNHZGQxelh6ZnYyVk9xZGlpbjhKLWdQaWxabXJ0UDIwZW1NdFVLM1Q0bEtJOEYzejZmYjJVWTRJNDdYWFZ5N1hjUEh0QUJwUFNEdWk1Nm01UTBwa2M?oc=5&hl=en-ID&gl=ID&ceid=ID:en
Beda Inisial Penyerang Andrie Yunus Versi Polisi dan TNI - Tempo.co,"Wed, 18 Mar 2026 09:38:29 GMT",Tempo.co,https://news.google.com/rss/articles/CBMilgFBVV95cUxPd2tUN2ZNZnVZTHdtaWh6TmNIRFJTN0xVMzUwTV9DOG53elRzaHBFSlpqNzZ5TXhxUUJ3d1ZZNzdDZURIVklVdXNpd2Q5UnloR3BPeUlmbUJDamRZRWpyQjR6eEtNWV9KdVR4THRyVnhGVnRPOEx5REhXZ3NxVl82Ul9kR2VqdHVKWldDNThVMUwtSWZFM3c?oc=5&hl=en-ID&gl=ID&ceid=ID:en
Polda Metro Jaya Kantongi Dua Inisial Pelaku Penyiraman Air Keras Andrie Yunus - Riau Online,"Wed, 18 Mar 2026 10:07:00 GMT",Riau Online,https://news.google.com/rss/articles/CBMi1gFBVV95cUxPQzdMN2J1aEhYSFhUcFpVdVJPUXNjT3F6OHVCQWlTOUFyRHJSOG1tQUMzNTdxM2tvTHlJYTNQXzJ5Z3FhbHp3TDdvSjNyVlNmVTFtUUhHOXZoNlFmMFkzMUFYSTBZX0tnZVlQR1p0OHFGY2xGRmlYVk5wSmJJTVFFOUtsc0hZQndDVUM2Q19CVzlvMld0TkVpMWNjOWs1eThCZmV1YjE2bU5pZFBHeEd0ZjByNV8wOXhsQ2Qtc09MWWphcERaSGZVclRjblNMZXBuNmdOLWV3?oc=5&hl=en-ID&gl=ID&ceid=ID:en
Keluarga Aktivis KontraS Andrie Yunus Mendapatkan Rumah Aman Selama Proses Hukum Berlangsung - Radar Jogja - Radar Jogja,"Wed, 18 Mar 2026 07:55:19 GMT",Radar Jogja,https://news.google.com/rss/articles/CBMi4gFBVV95cUxNcUZnSXlSZXA1ZmdMbEgtUmRRYnVYVG9ydzJkQmRHa3hOYWdBZFZRQjB5QldyMlNGR1RxSDdqZHZhbEVPYXdEQVBsSHk0NG83NUNmLVdYb29SX0dhMTd2OEZ0NDczQlprcFlZZGFySkRCNDBFRG5kbXVYd0JKZWl0WGpkLXY5WmlVQjhDLTZDUzV0bER4MnMxVXRfOXgxLUxZSzJMZTc0Wnh0OFdEdy1YM0djeDNzV1ZqVWlXSFNKd3ZlNVFXSFB0YVBOeEI4ZEwxdGZiblBTSU0wVFpHeEUwQnRR0gHnAUFVX3lxTE93dWZpZDNUeUhFS0dQb2FVeFdIdW5kTWlTeVR0aS14cUx2Nm9WVzZyajNwaXViZl9FNVhhYTJLNDVsal9iUURLcFpGd0c1UjJ5X0MzRmZRaGZ4ckdETGtOYjVFSDMyOVVvWW9rTEdNengtRFZmSXp0Zk5KalVGX29EemhKWjJYQmxzazJZX1UxeERaVVQxZVcxcWJGLTlwLTZpdEhhZm1hX2Nwb3JxQU9JTmtPcVpRR1ZPY0ttOGRUMXpJeGUxVzk2OWx4d3dLNndXRzB5d1U2eWd3ZHk3ZDM3ZlFBUk9GOA?oc=5&hl=en-ID&gl=ID&ceid=ID:en
"Pelaku Penyiraman Andrie Yunus Terungkap, Komisi III Minta Polri dan TNI Bersinergi - Berita Nasional - Media Pencerah Bangsa","Wed, 18 Mar 2026 10:32:00 GMT",Berita Nasional - Media Pencerah Bangsa,https://news.google.com/rss/articles/CBMiwAFBVV95cUxOMzlxUnBhb2NFU0xNYzg1WDE5bTNnWTZfSFRyeHNXLW9aTHRxYUI1UzlFb0x6b1BlejI1YllOaktnQnJfakVJSUhQZzR6aGw3OFJkcWpYRUh2dHhyazZVWkFfSTlxMkp4bTZrNFdLTkNnbHY1bDV5WTI0c2t0aTAtQkxXVDdsaG12LUh4bHFIejloRFE0c25IaXBtMTlMdG9ta3g0LXhaS3JUc2taaWRaaFlQX3BWbnF0cUdaZHFLeTE?oc=5&hl=en-ID&gl=ID&ceid=ID:en
"Kasus Penyiraman Air Keras Terhadap Andrie Yunus, TNI Lakukan Penyelidikan Internal - Indonesiadefense.com","Wed, 18 Mar 2026 05:17:00 GMT",Indonesiadefense.com,https://news.google.com/rss/articles/CBMisgFBVV95cUxPWWdVZ1hHVXo4MFB5X2NZWjNJQUhsT2hzYUk0cHNGOV9YWkNxeWI4cTJIZTZDUkRvRHpPT2w5OTBPdUxaNVhOT19vbUdMSUZTaDByQUEwanQtczZ2cDFhUkhKZEd3aHBld1VuSDZpdjlRTDVoNVNhdkdOdjRqU2YxNWxJbXdTdWFyQXVvQUxMUDludW5WX3lVS01qcndpNC1vcDlKc19zeXpseWdRMWFQall3?oc=5&hl=en-ID&gl=ID&ceid=ID:en
Komisi III DPR Bentuk Panja Pengawasan Kasus Penyiraman Air Keras Andrie Yunus - Berita Nasional - Media Pencerah Bangsa,"Wed, 18 Mar 2026 10:00:00 GMT",Berita Nasional - Media Pencerah Bangsa,https://news.google.com/rss/articles/CBMiuwFBVV95cUxOXzlXazNvQ1FZNTRVY3Z5OHVyTmdqbEFxd0Fzcy1BR0xES01wZzRMU2NBYWdza01adkJNVUl2VHgwM2dpRWNnUU1NT2UxWUFvTkJQLXkzbjZuamxUSnBFU0EyWGROT2Y3d1YyVGlzUDN1MTJZZ01jZElKeXVvVS1zOUhGSUVOLVNkRVBnVXhGUGU3b2tlU09xbmZ6eno5TTZ6T3ROMGktbGdzTkFKanE2dl9mUnY5QzBGaWRN?oc=5&hl=en-ID&gl=ID&ceid=ID:en
Polisi: Penyerang Andrie Yunus Diduga Ikut Terkena Air Keras - Tempo.co,"Wed, 18 Mar 2026 08:19:23 GMT",Tempo.co,https://news.google.com/rss/articles/CBMimgFBVV95cUxNTzlwS2FDSFR0Y0FqMndmNTViRFVRZWUweVBFTGRZT3VlbWN1RE9lTTNydVg2Y0d6RjVHN2dkVDlNRi1fRlhlUlhSLWQ4UkppbThoQjBTcmtDWGlsblZPMnAzZTBKbFVaX0NzcDMydDVDcGZTYUNTbFhLSlZYZWxIZFFqeWJJQVhUQXhyVXJLZHlGMmVmVFhqZmZ3?oc=5&hl=en-ID&gl=ID&ceid=ID:en
